,ST,PWGTP,AGEP,DDRS,DEAR,DEYE,DOUT,DPHY,DRATX,DREM,SCHL,SEX,ESR,FOD1P,OCCP10
0,25,14,58,2.0,2,2,2.0,2.0,,2.0,22.0,2,3.0,2300.0,800.0
1,25,22,69,2.0,2,2,2.0,2.0,,2.0,19.0,2,6.0,,4740.0
2,25,19,19,2.0,2,2,2.0,2.0,,2.0,18.0,2,3.0,,4620.0
3,25,15,49,2.0,2,2,2.0,2.0,,2.0,19.0,1,1.0,,110.0
4,25,13,36,2.0,2,2,2.0,2.0,,2.0,16.0,1,1.0,,7200.0
5,25,12,35,2.0,2,2,2.0,2.0,,2.0,21.0,2,1.0,6203.0,800.0
6,25,11,8,2.0,2,2,,2.0,,2.0,6.0,1,,,
7,25,14,3,,2,2,,,,,1.0,2,,,
8,25,17,30,2.0,2,2,2.0,2.0,,2.0,20.0,2,1.0,,3310.0
9,25,20,38,2.0,2,2,2.0,2.0,,2.0,19.0,1,1.0,,4820.0
10,25,28,31,2.0,2,2,2.0,2.0,,2.0,24.0,1,6.0,3601.0,1760.0
11,25,19,49,2.0,2,2,2.0,2.0,,2.0,21.0,1,1.0,5506.0,4850.0
12,25,20,49,2.0,2,2,2.0,2.0,,2.0,20.0,2,1.0,,110.0
13,25,18,14,2.0,2,2,,2.0,,2.0,11.0,1,,,
14,25,17,11,2.0,2,2,,2.0,,2.0,7.0,1,,,
15,25,17,34,2.0,2,2,2.0,2.0,,2.0,22.0,2,1.0,6206.0,4640.0
16,25,13,55,2.0,2,2,2.0,1.0,,1.0,12.0,2,6.0,,4230.0
17,25,12,37,2.0,2,2,2.0,2.0,,2.0,18.0,1,1.0,,1010.0
18,25,10,37,2.0,2,2,2.0,2.0,,2.0,21.0,2,1.0,5004.0,5320.0
19,25,10,17,2.0,2,2,2.0,2.0,,2.0,14.0,2,6.0,,
20,25,10,16,2.0,2,2,2.0,2.0,,2.0,13.0,2,6.0,,
21,25,11,13,2.0,2,2,,2.0,,2.0,10.0,2,,,
22,25,10,12,2.0,2,2,,2.0,,2.0,9.0,1,,,
23,25,8,50,2.0,2,2,2.0,2.0,,2.0,16.0,1,1.0,,3800.0
24,25,6,48,2.0,2,2,2.0,2.0,2.0,2.0,22.0,2,1.0,6109.0,3150.0
25,25,8,19,2.0,2,2,2.0,2.0,,2.0,19.0,2,1.0,,4060.0
26,25,5,16,2.0,2,2,2.0,2.0,,2.0,13.0,1,3.0,,9920.0
27,25,6,11,2.0,2,2,,2.0,,2.0,7.0,1,,,
28,25,8,40,2.0,2,2,2.0,2.0,,2.0,22.0,1,1.0,6403.0,2310.0
29,25,8,38,2.0,2,2,2.0,2.0,,2.0,22.0,2,1.0,3301.0,800.0
30,25,8,2,,2,2,,,,,,2,,,
31,25,11,61,2.0,2,2,2.0,2.0,,2.0,21.0,2,6.0,5007.0,
32,25,11,39,2.0,2,2,2.0,2.0,,2.0,24.0,1,1.0,3600.0,2200.0
33,25,12,42,2.0,2,2,2.0,2.0,,2.0,22.0,2,6.0,1501.0,2310.0
34,25,10,10,2.0,2,2,,2.0,,2.0,7.0,2,,,
35,25,10,7,2.0,2,2,,2.0,,2.0,4.0,2,,,
36,25,14,6,2.0,2,2,,2.0,,2.0,3.0,1,,,
37,25,10,60,2.0,2,2,2.0,2.0,,2.0,20.0,2,1.0,,5240.0
38,25,11,77,1.0,1,2,1.0,1.0,,2.0,12.0,2,6.0,,
39,25,7,63,2.0,2,2,2.0,2.0,,2.0,22.0,2,6.0,6000.0,3255.0
40,25,56,52,2.0,2,2,2.0,1.0,,2.0,12.0,2,6.0,,
41,25,65,8,2.0,2,2,,2.0,,2.0,4.0,2,,,
42,25,7,39,2.0,2,2,2.0,2.0,,2.0,22.0,1,1.0,3600.0,2060.0
43,25,13,71,1.0,1,2,2.0,1.0,2.0,2.0,11.0,1,6.0,,
44,25,13,74,1.0,2,1,1.0,1.0,,1.0,16.0,2,6.0,,
45,25,25,69,2.0,2,2,2.0,2.0,2.0,2.0,22.0,1,6.0,6203.0,20.0
46,25,23,68,2.0,1,2,2.0,2.0,,2.0,20.0,2,6.0,,5700.0
47,25,19,20,2.0,2,2,2.0,2.0,,2.0,12.0,2,1.0,,6050.0
48,25,22,3,,2,2,,,,,1.0,2,,,
49,25,32,1,,2,2,,,,,,1,,,
50,25,32,29,2.0,2,2,2.0,2.0,,2.0,16.0,1,1.0,,9610.0
51,25,22,70,2.0,2,2,2.0,2.0,2.0,2.0,16.0,1,6.0,,
52,25,20,71,1.0,2,2,1.0,1.0,,1.0,16.0,2,6.0,,
53,25,23,50,2.0,2,2,2.0,2.0,,2.0,18.0,1,1.0,,4040.0
54,25,12,42,2.0,2,2,2.0,2.0,,2.0,21.0,1,1.0,5501.0,6200.0
55,25,12,41,2.0,2,2,2.0,2.0,,2.0,22.0,2,6.0,2300.0,
56,25,14,12,2.0,2,2,,2.0,,2.0,10.0,2,,,
57,25,14,12,2.0,2,2,,2.0,,2.0,9.0,2,,,
58,25,14,11,2.0,2,2,,2.0,,2.0,8.0,2,,,
59,25,14,6,2.0,2,2,,2.0,,2.0,4.0,1,,,
60,25,12,59,2.0,2,2,2.0,2.0,,2.0,16.0,1,1.0,,20.0
61,25,13,53,2.0,2,2,2.0,2.0,,2.0,13.0,2,1.0,,5160.0
62,25,17,82,2.0,2,2,2.0,2.0,,2.0,8.0,2,6.0,,
63,25,19,15,2.0,2,2,2.0,2.0,,2.0,12.0,1,,,
64,25,18,33,2.0,2,2,2.0,2.0,,2.0,21.0,1,1.0,3600.0,3740.0
65,25,17,29,2.0,2,2,2.0,2.0,,2.0,20.0,2,1.0,,5310.0
66,25,18,5,2.0,2,2,,2.0,,2.0,2.0,2,,,
67,25,16,2,,2,2,,,,,,1,,,
68,25,17,7,2.0,2,2,,2.0,,2.0,4.0,2,,,
69,25,10,21,2.0,2,2,2.0,2.0,,2.0,19.0,2,6.0,,3930.0
70,25,18,20,2.0,2,2,2.0,2.0,,2.0,16.0,1,1.0,,4020.0
71,25,13,55,2.0,2,2,2.0,2.0,,2.0,21.0,2,1.0,6107.0,3255.0
72,25,14,20,2.0,2,2,2.0,2.0,,2.0,16.0,2,1.0,,4120.0
73,25,62,50,1.0,2,2,2.0,2.0,,2.0,17.0,2,2.0,,4200.0
74,25,73,52,2.0,2,2,2.0,2.0,,2.0,16.0,1,3.0,,8140.0
75,25,25,44,2.0,2,2,2.0,2.0,2.0,2.0,23.0,1,1.0,5003.0,3060.0
76,25,19,40,2.0,2,2,2.0,2.0,,2.0,21.0,2,1.0,6107.0,5110.0
77,25,22,11,2.0,2,2,,2.0,,2.0,7.0,1,,,
78,25,22,8,2.0,2,2,,2.0,,2.0,5.0,1,,,
79,25,22,5,2.0,2,2,,2.0,,2.0,2.0,1,,,
80,25,24,1,,2,2,,,,,,2,,,
81,25,17,63,2.0,2,2,2.0,1.0,2.0,2.0,16.0,1,1.0,,6200.0
82,25,3,22,2.0,2,2,2.0,2.0,,2.0,16.0,1,1.0,,6260.0
83,25,2,24,2.0,2,2,2.0,2.0,,2.0,21.0,2,1.0,3600.0,3600.0
84,25,22,63,2.0,2,2,2.0,2.0,,2.0,17.0,1,6.0,,
85,25,25,59,2.0,1,2,2.0,1.0,,1.0,17.0,2,6.0,,
86,25,22,61,2.0,2,2,2.0,2.0,2.0,2.0,13.0,1,3.0,,8965.0
87,25,20,32,2.0,2,2,2.0,2.0,,2.0,12.0,1,6.0,,9610.0
88,25,12,45,2.0,2,2,2.0,2.0,,2.0,24.0,2,1.0,3301.0,2200.0
89,25,13,41,2.0,2,2,2.0,2.0,,2.0,22.0,1,1.0,5506.0,220.0
90,25,11,12,2.0,2,2,,2.0,,2.0,9.0,2,,,
91,25,11,11,2.0,2,2,,2.0,,2.0,8.0,1,,,
92,25,10,71,2.0,2,2,2.0,2.0,,1.0,9.0,1,6.0,,
93,25,27,35,2.0,2,2,2.0,2.0,,2.0,16.0,1,1.0,,4850.0
94,25,17,37,2.0,2,2,2.0,2.0,,2.0,23.0,1,1.0,5200.0,3000.0
95,25,15,36,2.0,2,2,2.0,2.0,,2.0,23.0,2,1.0,5200.0,2100.0
96,25,14,4,,2,2,,,,,1.0,2,,,
97,25,13,1,,2,2,,,,,,2,,,
98,25,9,20,2.0,2,2,2.0,2.0,,2.0,19.0,2,3.0,,2540.0
99,25,20,53,2.0,2,2,2.0,2.0,,2.0,16.0,1,1.0,,4850.0
100,25,22,52,2.0,2,2,2.0,2.0,,2.0,19.0,2,6.0,,
101,25,24,26,2.0,2,2,2.0,2.0,,2.0,21.0,1,1.0,1901.0,4850.0
102,25,20,22,2.0,2,2,1.0,2.0,,2.0,19.0,2,3.0,,4760.0
103,25,16,38,2.0,2,2,2.0,2.0,1.0,2.0,16.0,1,1.0,,1020.0
104,25,10,16,2.0,2,2,2.0,2.0,,2.0,12.0,2,6.0,,4720.0
105,25,10,15,2.0,2,2,2.0,2.0,,2.0,10.0,1,,,
106,25,19,46,2.0,2,2,2.0,2.0,,2.0,16.0,1,1.0,,4220.0
107,25,16,46,2.0,2,2,2.0,2.0,,2.0,20.0,2,1.0,,3740.0
108,25,19,8,2.0,2,2,,2.0,,2.0,5.0,1,,,
109,25,75,37,2.0,2,2,2.0,2.0,,2.0,21.0,2,1.0,6107.0,3600.0
110,25,60,41,2.0,2,2,2.0,2.0,,2.0,21.0,1,1.0,6107.0,3220.0
111,25,58,10,2.0,2,2,,2.0,,2.0,7.0,2,,,
112,25,58,9,2.0,2,2,,2.0,,2.0,6.0,2,,,
113,25,58,7,2.0,2,2,,2.0,,2.0,4.0,2,,,
114,25,44,4,,2,2,,,,,1.0,1,,,
115,25,14,46,2.0,2,2,2.0,2.0,,2.0,19.0,2,1.0,,5000.0
116,25,24,19,2.0,2,2,2.0,2.0,,2.0,19.0,2,1.0,,4720.0
117,25,14,11,2.0,2,2,,2.0,,2.0,9.0,2,,,
118,25,20,29,2.0,2,2,2.0,2.0,,2.0,21.0,2,6.0,5301.0,5940.0
119,25,19,0,,2,2,,,,,,1,,,
120,25,25,26,2.0,2,2,2.0,2.0,,2.0,19.0,1,1.0,,1460.0
121,25,25,75,1.0,1,1,1.0,1.0,,2.0,12.0,2,6.0,,
122,25,18,65,2.0,2,2,2.0,2.0,2.0,2.0,20.0,1,6.0,,7330.0
123,25,17,64,2.0,2,2,2.0,2.0,,2.0,15.0,2,6.0,,
124,25,13,73,2.0,2,2,2.0,2.0,,2.0,18.0,2,6.0,,
125,25,21,44,2.0,2,2,2.0,2.0,,2.0,22.0,2,1.0,5506.0,710.0
126,25,17,3,,2,2,,,,,1.0,1,,,
127,25,20,13,2.0,2,2,,2.0,,2.0,11.0,1,,,
128,25,21,38,2.0,2,2,2.0,2.0,,2.0,24.0,2,1.0,3301.0,2200.0
129,25,25,80,2.0,2,2,1.0,1.0,,2.0,16.0,2,6.0,,
130,25,30,53,2.0,2,2,2.0,2.0,,2.0,20.0,2,1.0,,5810.0
131,25,12,21,2.0,2,2,2.0,2.0,,2.0,19.0,2,6.0,,
132,25,15,47,2.0,2,2,2.0,2.0,,2.0,21.0,2,1.0,6203.0,110.0
133,25,13,11,2.0,2,2,,2.0,,1.0,8.0,1,,,
134,25,22,77,2.0,1,1,2.0,2.0,,2.0,19.0,2,6.0,,
135,25,10,83,2.0,2,2,2.0,2.0,,2.0,13.0,2,6.0,,
136,25,11,82,2.0,2,2,2.0,2.0,,2.0,13.0,1,6.0,,
137,25,11,55,2.0,2,2,2.0,2.0,,2.0,21.0,2,1.0,2304.0,2010.0
138,25,15,83,1.0,2,2,1.0,1.0,,2.0,20.0,2,6.0,,
139,25,34,45,2.0,2,2,2.0,2.0,,2.0,19.0,2,6.0,,
140,25,33,53,2.0,2,2,2.0,2.0,,2.0,21.0,1,3.0,5200.0,4810.0
141,25,34,5,2.0,2,2,,2.0,,2.0,2.0,1,,,
142,25,28,3,,2,2,,,,,1.0,1,,,
143,25,22,42,2.0,2,2,2.0,2.0,,2.0,21.0,1,3.0,5601.0,710.0
144,25,23,41,2.0,2,2,2.0,2.0,,2.0,21.0,2,6.0,6206.0,
145,25,21,6,2.0,2,2,,2.0,,2.0,3.0,1,,,
146,25,22,4,,2,2,,,,,2.0,1,,,
147,25,5,80,1.0,2,2,1.0,1.0,,1.0,11.0,2,6.0,,
148,25,47,41,2.0,2,2,2.0,2.0,,2.0,16.0,1,1.0,,410.0
149,25,44,27,2.0,2,2,2.0,2.0,,2.0,21.0,2,1.0,2313.0,5840.0
150,25,9,78,2.0,2,2,2.0,2.0,,2.0,12.0,2,6.0,,
151,25,20,52,2.0,2,2,2.0,2.0,,2.0,20.0,1,1.0,,4720.0
152,25,18,51,2.0,2,2,2.0,2.0,,2.0,16.0,2,1.0,,5860.0
153,25,23,11,2.0,2,2,,2.0,,2.0,8.0,2,,,
154,25,11,51,2.0,2,2,2.0,1.0,,2.0,11.0,1,6.0,,
155,25,6,47,2.0,2,2,2.0,2.0,,2.0,19.0,2,6.0,,
156,25,11,21,2.0,2,2,2.0,2.0,,2.0,19.0,2,1.0,,4600.0
157,25,11,18,2.0,2,2,2.0,2.0,,2.0,18.0,1,6.0,,4020.0
158,25,16,31,2.0,2,2,2.0,2.0,,2.0,24.0,2,1.0,3601.0,1760.0
159,25,13,70,2.0,2,2,2.0,2.0,,2.0,16.0,2,6.0,,
160,25,22,68,2.0,2,2,2.0,2.0,2.0,2.0,19.0,1,6.0,,
161,25,22,72,2.0,2,2,2.0,2.0,,2.0,16.0,2,6.0,,
162,25,16,56,2.0,2,2,2.0,2.0,,2.0,18.0,1,1.0,,4800.0
163,25,16,53,2.0,2,2,2.0,2.0,,2.0,18.0,2,3.0,,10.0
164,25,3,19,2.0,2,2,2.0,2.0,,2.0,19.0,2,1.0,,5860.0
165,25,67,33,2.0,2,2,2.0,2.0,,2.0,19.0,1,1.0,,8740.0
166,25,22,38,2.0,2,2,2.0,2.0,,2.0,20.0,2,1.0,,5810.0
167,25,28,0,,2,2,,,,,,1,,,
168,25,27,26,2.0,2,2,2.0,2.0,,2.0,21.0,1,1.0,3700.0,1340.0
169,25,14,46,2.0,2,2,2.0,2.0,,2.0,21.0,1,1.0,5501.0,1107.0
170,25,15,43,2.0,2,2,2.0,2.0,,2.0,21.0,2,1.0,5506.0,4700.0
171,25,10,16,2.0,2,2,2.0,2.0,,2.0,13.0,2,6.0,,
172,25,12,14,2.0,2,2,,2.0,,2.0,11.0,2,,,
173,25,12,11,2.0,2,2,,2.0,,2.0,8.0,2,,,
174,25,11,22,2.0,2,2,2.0,2.0,,2.0,19.0,2,6.0,,4600.0
175,25,12,64,2.0,2,2,2.0,2.0,,2.0,22.0,1,1.0,2499.0,430.0
176,25,11,63,2.0,2,2,2.0,2.0,,2.0,21.0,2,6.0,2314.0,
177,25,5,78,2.0,2,2,2.0,2.0,2.0,2.0,21.0,1,6.0,5205.0,
178,25,5,73,2.0,2,2,2.0,2.0,,2.0,22.0,2,6.0,5203.0,
179,25,5,87,2.0,1,2,2.0,2.0,2.0,2.0,14.0,1,6.0,,
180,25,31,67,2.0,2,2,2.0,2.0,,2.0,21.0,1,6.0,2413.0,
181,25,30,66,2.0,2,2,2.0,2.0,,2.0,22.0,2,1.0,2300.0,4620.0
182,25,12,94,2.0,2,2,1.0,1.0,2.0,2.0,20.0,1,6.0,,
183,25,11,49,2.0,2,2,2.0,2.0,,2.0,16.0,2,1.0,,4230.0
184,25,10,24,2.0,2,2,2.0,2.0,,2.0,16.0,2,6.0,,
185,25,20,25,2.0,2,2,2.0,2.0,,2.0,21.0,1,1.0,5506.0,2145.0
186,25,11,24,2.0,2,2,2.0,2.0,,2.0,21.0,2,1.0,5506.0,2160.0
187,25,23,34,2.0,2,2,2.0,2.0,,2.0,21.0,2,6.0,5200.0,4600.0
188,25,23,38,2.0,2,2,2.0,2.0,2.0,2.0,22.0,1,1.0,6107.0,3256.0
189,25,20,4,,2,2,,,,,1.0,1,,,
190,25,20,2,,2,2,,,,,,1,,,
191,25,12,70,2.0,2,2,2.0,2.0,,2.0,21.0,2,6.0,2304.0,
192,25,11,79,2.0,2,2,2.0,2.0,,2.0,21.0,1,1.0,6203.0,5850.0
193,25,14,19,2.0,2,2,2.0,2.0,,2.0,19.0,2,6.0,,1050.0
194,25,17,50,2.0,2,2,2.0,2.0,,2.0,16.0,1,1.0,,7220.0
195,25,24,72,2.0,2,2,2.0,2.0,,2.0,16.0,2,6.0,,5020.0
196,25,13,19,2.0,2,2,2.0,2.0,,2.0,19.0,2,1.0,,4030.0
197,25,6,18,2.0,2,2,2.0,2.0,,2.0,18.0,1,1.0,,4720.0
198,25,18,24,2.0,2,2,2.0,2.0,,2.0,21.0,2,1.0,5200.0,2010.0
199,25,9,29,2.0,2,2,2.0,2.0,,2.0,24.0,2,1.0,5003.0,1760.0
200,25,10,31,2.0,2,2,2.0,2.0,,2.0,24.0,1,1.0,5003.0,1650.0
201,25,15,56,2.0,2,2,2.0,2.0,,2.0,20.0,1,1.0,,4760.0
202,25,19,37,2.0,2,2,2.0,2.0,,2.0,18.0,1,1.0,,310.0
203,25,16,36,2.0,2,2,2.0,2.0,,2.0,21.0,2,1.0,6203.0,350.0
204,25,34,15,2.0,2,2,2.0,2.0,,2.0,12.0,2,,,
205,25,16,6,2.0,2,2,,2.0,,2.0,3.0,2,,,
206,25,12,53,2.0,2,2,2.0,2.0,,2.0,20.0,1,1.0,,8040.0
207,25,14,42,2.0,2,2,2.0,2.0,,2.0,16.0,2,1.0,,4230.0
208,25,8,15,2.0,2,2,2.0,2.0,,2.0,12.0,2,,,
209,25,11,13,2.0,2,2,,2.0,,2.0,11.0,1,,,
210,25,12,52,2.0,2,2,2.0,2.0,,1.0,21.0,2,6.0,5507.0,
211,25,5,89,2.0,2,2,1.0,1.0,,2.0,19.0,2,6.0,,
212,25,10,77,2.0,2,2,2.0,2.0,2.0,2.0,18.0,1,6.0,,4040.0
213,25,47,31,2.0,2,2,2.0,2.0,,2.0,19.0,2,3.0,,4010.0
214,25,55,32,2.0,2,2,2.0,2.0,,2.0,19.0,1,1.0,,4760.0
215,25,21,31,2.0,2,2,2.0,2.0,,2.0,21.0,1,1.0,2502.0,1020.0
216,25,19,32,2.0,2,2,2.0,2.0,,2.0,19.0,2,6.0,,
217,25,5,35,2.0,2,2,2.0,2.0,,2.0,16.0,2,3.0,,7840.0
218,25,5,16,2.0,2,2,2.0,2.0,,2.0,12.0,2,6.0,,
219,25,5,26,2.0,2,2,2.0,2.0,,2.0,16.0,2,6.0,,4610.0
220,25,22,67,2.0,2,2,2.0,2.0,,2.0,21.0,1,1.0,3601.0,7700.0
221,25,24,67,2.0,2,2,2.0,2.0,,2.0,19.0,2,1.0,,4920.0
222,25,31,62,2.0,2,2,2.0,2.0,,2.0,21.0,2,1.0,5301.0,9120.0
223,25,10,38,2.0,2,2,2.0,2.0,,2.0,18.0,1,1.0,,8255.0
224,25,11,38,2.0,2,2,2.0,2.0,,2.0,19.0,2,6.0,,5700.0
225,25,14,16,2.0,2,2,2.0,2.0,,2.0,13.0,1,6.0,,
226,25,19,45,2.0,2,2,2.0,2.0,,2.0,6.0,2,1.0,,8965.0
227,25,23,24,2.0,2,2,2.0,2.0,,2.0,21.0,2,1.0,3601.0,1720.0
228,25,18,49,2.0,2,2,2.0,2.0,,2.0,21.0,1,1.0,5501.0,4760.0
229,25,18,52,2.0,2,2,2.0,2.0,,2.0,19.0,2,3.0,,5120.0
230,25,26,82,2.0,2,2,2.0,2.0,,2.0,21.0,2,6.0,2313.0,
231,25,18,57,2.0,2,2,2.0,2.0,,2.0,22.0,1,1.0,2599.0,1020.0
232,25,20,61,2.0,2,2,2.0,2.0,,2.0,22.0,2,6.0,3301.0,2310.0
233,25,22,23,2.0,2,2,2.0,2.0,,2.0,21.0,1,6.0,2314.0,
234,25,61,36,2.0,2,2,2.0,2.0,,2.0,21.0,2,1.0,2405.0,5000.0
235,25,83,36,2.0,2,2,2.0,2.0,2.0,2.0,16.0,1,1.0,,1550.0
236,25,19,63,2.0,2,2,2.0,2.0,,1.0,19.0,2,6.0,,
237,25,15,53,2.0,2,2,2.0,2.0,,2.0,21.0,2,1.0,5200.0,136.0
238,25,15,24,2.0,2,2,2.0,2.0,,2.0,21.0,2,6.0,2901.0,4620.0
239,25,41,46,2.0,2,2,2.0,2.0,,2.0,21.0,2,1.0,1901.0,725.0
240,25,77,17,2.0,2,2,2.0,2.0,,2.0,14.0,1,3.0,,9920.0
241,25,66,7,2.0,2,2,,2.0,,2.0,4.0,2,,,
242,25,22,77,2.0,1,2,2.0,2.0,2.0,2.0,21.0,1,6.0,2400.0,
243,25,24,78,2.0,1,2,2.0,1.0,,2.0,16.0,2,6.0,,
244,25,14,58,2.0,2,2,1.0,1.0,2.0,1.0,16.0,1,6.0,,5900.0
245,25,5,69,1.0,2,2,1.0,1.0,,2.0,16.0,2,6.0,,
246,25,2,72,2.0,2,2,2.0,2.0,2.0,2.0,21.0,1,6.0,3700.0,
247,25,3,69,2.0,2,2,2.0,2.0,,2.0,16.0,2,6.0,,
248,25,2,40,2.0,2,2,2.0,2.0,,2.0,22.0,2,3.0,6006.0,735.0
249,25,14,39,2.0,2,2,2.0,2.0,,2.0,16.0,1,1.0,,6520.0
250,25,14,37,2.0,2,2,2.0,2.0,,2.0,16.0,2,6.0,,4760.0
251,25,12,0,,2,2,,,,,,1,,,
252,25,12,12,2.0,2,2,,2.0,,2.0,9.0,2,,,
253,25,8,52,2.0,2,2,2.0,2.0,1.0,2.0,16.0,1,6.0,,
254,25,30,28,2.0,2,2,2.0,2.0,,2.0,21.0,2,1.0,3301.0,2830.0
255,25,28,28,2.0,2,2,2.0,2.0,,2.0,21.0,1,1.0,5200.0,120.0
256,25,25,70,2.0,2,2,2.0,2.0,2.0,2.0,22.0,1,6.0,5003.0,6515.0
257,25,27,70,2.0,2,2,2.0,2.0,,2.0,22.0,2,6.0,3301.0,2310.0
258,25,49,57,2.0,2,2,2.0,2.0,,2.0,20.0,1,6.0,,
259,25,46,56,2.0,1,1,2.0,2.0,,2.0,16.0,2,6.0,,
260,25,11,34,2.0,2,2,2.0,2.0,,2.0,18.0,2,3.0,,5600.0
261,25,8,15,2.0,2,2,2.0,2.0,,2.0,12.0,2,,,
262,25,9,14,2.0,2,2,,2.0,,2.0,10.0,2,,,
263,25,19,1,,2,2,,,,,,2,,,
264,25,14,49,2.0,2,2,2.0,2.0,,2.0,18.0,1,1.0,,9130.0
265,25,21,36,2.0,2,2,2.0,2.0,,2.0,21.0,2,6.0,6402.0,
266,25,21,38,2.0,2,2,2.0,2.0,,2.0,21.0,1,1.0,1501.0,4850.0
267,25,22,8,2.0,2,2,,2.0,,2.0,5.0,2,,,
268,25,25,7,2.0,2,2,,2.0,,2.0,3.0,1,,,
269,25,16,4,,2,2,,,,,2.0,1,,,
270,25,17,4,,2,2,,,,,2.0,1,,,
271,25,3,53,1.0,2,1,1.0,1.0,,1.0,16.0,1,6.0,,
272,25,8,19,2.0,2,2,2.0,2.0,,2.0,19.0,1,6.0,,4110.0
273,25,17,53,2.0,2,2,2.0,2.0,,2.0,16.0,2,1.0,,5700.0
274,25,8,64,2.0,2,2,2.0,2.0,,2.0,20.0,2,6.0,,4620.0
275,25,65,40,2.0,2,2,2.0,2.0,,1.0,13.0,1,6.0,,5620.0
276,25,22,73,2.0,2,2,2.0,2.0,,2.0,20.0,2,1.0,,4720.0
277,25,24,73,2.0,2,2,2.0,2.0,,2.0,21.0,1,6.0,3600.0,
278,25,34,60,2.0,2,2,2.0,2.0,,2.0,18.0,2,1.0,,5240.0
279,25,5,94,1.0,2,2,1.0,1.0,,1.0,20.0,2,6.0,,
280,25,14,45,2.0,2,2,2.0,2.0,,2.0,22.0,2,1.0,5502.0,1650.0
281,25,14,43,2.0,2,2,2.0,2.0,,2.0,24.0,1,1.0,5506.0,2100.0
282,25,13,3,,2,2,,,,,1.0,1,,,
283,25,12,0,,2,2,,,,,,1,,,
284,25,20,75,2.0,2,1,2.0,2.0,,1.0,1.0,2,6.0,,
285,25,15,65,2.0,2,2,2.0,2.0,,2.0,24.0,2,1.0,2602.0,3600.0
286,25,13,81,2.0,2,2,2.0,2.0,1.0,2.0,21.0,1,6.0,3700.0,
287,25,63,63,2.0,2,2,2.0,2.0,,2.0,16.0,2,1.0,,3645.0
288,25,53,74,2.0,1,2,2.0,2.0,,2.0,22.0,1,1.0,2399.0,4250.0
289,25,120,41,2.0,2,2,2.0,2.0,,2.0,16.0,2,1.0,,4110.0
290,25,120,40,2.0,2,2,2.0,2.0,,2.0,21.0,2,1.0,2314.0,2340.0
291,25,63,17,2.0,2,2,2.0,2.0,,2.0,13.0,2,6.0,,
292,25,13,19,2.0,2,2,2.0,2.0,,2.0,19.0,1,6.0,,4250.0
293,25,17,65,2.0,2,2,2.0,2.0,,2.0,22.0,2,6.0,5200.0,710.0
294,25,16,66,2.0,2,2,2.0,2.0,2.0,2.0,20.0,1,1.0,,2630.0
295,25,27,26,2.0,2,2,2.0,2.0,,2.0,18.0,1,3.0,,4250.0
296,25,8,50,2.0,2,2,2.0,2.0,,2.0,16.0,2,6.0,,
297,25,13,23,2.0,2,2,2.0,2.0,,2.0,16.0,1,1.0,,3740.0
298,25,14,41,2.0,2,2,2.0,2.0,,2.0,18.0,1,3.0,,1050.0
299,25,19,69,2.0,2,2,2.0,2.0,2.0,2.0,17.0,1,1.0,,9120.0
300,25,20,63,2.0,2,2,2.0,2.0,,2.0,18.0,2,1.0,,5700.0
301,25,36,90,1.0,2,2,1.0,1.0,,1.0,16.0,2,6.0,,
302,25,35,34,2.0,2,2,2.0,2.0,,2.0,22.0,2,6.0,2300.0,2310.0
303,25,11,50,2.0,2,2,2.0,2.0,,2.0,16.0,1,6.0,,6230.0
304,25,10,50,2.0,2,1,2.0,2.0,,2.0,14.0,2,3.0,,4230.0
305,25,13,18,2.0,2,2,2.0,2.0,,2.0,13.0,1,3.0,,9920.0
306,25,11,16,2.0,2,2,2.0,2.0,,2.0,12.0,1,6.0,,
307,25,22,53,2.0,2,2,2.0,2.0,,2.0,16.0,1,1.0,,3400.0
308,25,22,52,2.0,2,2,2.0,2.0,2.0,2.0,20.0,2,1.0,,5620.0
309,25,20,22,2.0,2,2,2.0,2.0,,2.0,21.0,1,1.0,6000.0,4760.0
310,25,11,83,2.0,2,2,2.0,2.0,2.0,2.0,16.0,1,6.0,,
311,25,12,78,2.0,2,2,2.0,2.0,,2.0,16.0,2,6.0,,
312,25,5,94,2.0,1,2,2.0,1.0,,2.0,16.0,2,6.0,,
313,25,11,44,2.0,2,2,2.0,2.0,,2.0,24.0,1,1.0,5200.0,2040.0
314,25,16,38,2.0,2,2,2.0,2.0,,2.0,22.0,2,6.0,2307.0,
315,25,24,10,2.0,2,2,,2.0,,2.0,7.0,1,,,
316,25,14,8,2.0,2,2,,2.0,,2.0,5.0,2,,,
317,25,13,85,2.0,2,2,2.0,2.0,2.0,2.0,11.0,1,6.0,,
318,25,13,84,2.0,2,2,2.0,2.0,,2.0,11.0,2,6.0,,
319,25,16,53,2.0,2,2,2.0,2.0,,2.0,16.0,2,1.0,,5620.0
320,25,34,34,2.0,2,2,2.0,2.0,2.0,2.0,19.0,1,1.0,,540.0
321,25,33,32,2.0,2,2,2.0,2.0,,2.0,16.0,2,1.0,,5840.0
322,25,22,27,2.0,2,2,2.0,2.0,,2.0,22.0,1,1.0,5301.0,3850.0
323,25,23,27,2.0,2,2,2.0,2.0,,2.0,22.0,2,1.0,5203.0,2000.0
324,25,12,83,2.0,2,2,2.0,2.0,2.0,2.0,19.0,1,6.0,,
325,25,12,84,2.0,2,2,2.0,2.0,,2.0,19.0,2,6.0,,
326,25,15,46,2.0,2,2,2.0,2.0,,2.0,21.0,1,1.0,5501.0,1540.0
327,25,21,42,2.0,2,2,2.0,2.0,,2.0,16.0,2,1.0,,3060.0
328,25,9,82,2.0,2,2,1.0,2.0,,2.0,1.0,1,6.0,,
329,25,14,65,2.0,2,2,2.0,2.0,,2.0,16.0,2,6.0,,
330,25,15,75,2.0,1,2,2.0,2.0,2.0,2.0,18.0,1,1.0,,6230.0
331,25,16,69,2.0,2,2,2.0,2.0,,2.0,16.0,2,6.0,,
332,25,18,70,2.0,2,2,2.0,2.0,,2.0,20.0,2,6.0,,
333,25,16,67,2.0,2,2,2.0,2.0,,2.0,16.0,1,6.0,,
334,25,11,35,2.0,2,2,2.0,2.0,,2.0,24.0,1,1.0,5501.0,2200.0
335,25,14,36,2.0,2,2,2.0,2.0,,2.0,24.0,1,1.0,5501.0,2200.0
336,25,13,43,2.0,2,2,2.0,2.0,,2.0,21.0,1,1.0,1901.0,2630.0
337,25,14,47,2.0,2,2,2.0,2.0,,2.0,22.0,2,1.0,1401.0,2630.0
338,25,15,8,2.0,2,2,,2.0,,2.0,5.0,2,,,
339,25,11,81,2.0,2,2,1.0,1.0,,2.0,16.0,2,6.0,,
340,25,11,75,2.0,1,2,2.0,2.0,,2.0,16.0,2,6.0,,
341,25,15,81,2.0,2,2,2.0,2.0,,2.0,16.0,2,6.0,,
342,25,13,49,2.0,2,2,2.0,2.0,,2.0,11.0,1,1.0,,4020.0
343,25,7,48,2.0,2,2,2.0,2.0,,2.0,3.0,2,1.0,,4030.0
344,25,12,9,2.0,2,2,,2.0,,2.0,6.0,1,,,
345,25,21,65,2.0,2,2,2.0,2.0,,2.0,21.0,2,6.0,2304.0,
346,25,21,79,2.0,2,2,2.0,2.0,,2.0,24.0,1,6.0,2418.0,
347,25,49,48,2.0,2,2,1.0,1.0,,1.0,14.0,2,6.0,,
348,25,51,59,2.0,2,2,2.0,2.0,1.0,2.0,16.0,1,1.0,,9620.0
349,25,47,18,2.0,2,2,2.0,2.0,,2.0,14.0,1,1.0,,4720.0
350,25,19,48,2.0,2,2,2.0,2.0,,2.0,16.0,2,1.0,,4020.0
351,25,21,44,2.0,2,2,2.0,2.0,,2.0,15.0,1,1.0,,8030.0
352,25,29,20,2.0,2,2,2.0,2.0,,2.0,19.0,2,1.0,,4020.0
353,25,16,59,2.0,2,2,2.0,2.0,,2.0,22.0,2,1.0,5404.0,2010.0
354,25,14,35,2.0,2,2,2.0,2.0,,2.0,19.0,2,1.0,,3600.0
355,25,14,38,2.0,2,2,2.0,2.0,,2.0,21.0,1,1.0,5301.0,3800.0
356,25,13,10,2.0,2,2,,2.0,,2.0,7.0,2,,,
357,25,16,8,2.0,2,2,,2.0,,2.0,4.0,1,,,
358,25,13,5,2.0,2,2,,2.0,,2.0,2.0,2,,,
359,25,12,67,2.0,2,2,2.0,2.0,,2.0,16.0,1,1.0,,5850.0
360,25,12,65,2.0,2,2,2.0,2.0,,2.0,16.0,2,1.0,,5620.0
361,25,18,46,2.0,2,2,2.0,2.0,,2.0,21.0,2,1.0,3401.0,410.0
362,25,19,38,2.0,2,2,2.0,2.0,,2.0,21.0,1,1.0,6200.0,20.0
363,25,19,10,2.0,2,2,,2.0,,2.0,7.0,1,,,
364,25,10,78,2.0,2,2,2.0,2.0,,2.0,16.0,2,3.0,,4760.0
365,25,13,54,2.0,2,2,2.0,2.0,,2.0,16.0,2,6.0,,
366,25,13,43,2.0,2,2,2.0,2.0,,2.0,16.0,2,6.0,,
367,25,12,45,2.0,2,2,2.0,2.0,,2.0,16.0,1,1.0,,7315.0
368,25,12,41,2.0,2,2,2.0,2.0,,2.0,21.0,2,1.0,6203.0,650.0
369,25,9,68,2.0,2,2,2.0,2.0,,2.0,15.0,1,6.0,,
370,25,9,64,2.0,2,2,2.0,2.0,,2.0,17.0,2,6.0,,
371,25,12,89,1.0,2,2,1.0,1.0,,2.0,7.0,2,6.0,,
372,25,9,72,2.0,2,2,2.0,2.0,,2.0,16.0,2,6.0,,4760.0
373,25,9,77,2.0,2,2,2.0,2.0,2.0,2.0,19.0,1,1.0,,1530.0
374,25,22,33,2.0,2,2,2.0,2.0,,2.0,24.0,2,1.0,6108.0,3050.0
375,25,22,34,2.0,2,2,2.0,2.0,,2.0,21.0,1,1.0,6207.0,800.0
376,25,26,0,,2,2,,,,,,1,,,
377,25,10,56,2.0,2,2,2.0,2.0,,2.0,22.0,2,1.0,3301.0,2430.0
378,25,13,20,2.0,2,2,2.0,2.0,,2.0,19.0,2,6.0,,2720.0
379,25,4,89,1.0,2,1,1.0,1.0,,2.0,18.0,2,6.0,,
380,25,10,61,2.0,2,2,2.0,2.0,1.0,2.0,22.0,1,1.0,2305.0,230.0
381,25,11,56,2.0,2,2,2.0,2.0,,2.0,21.0,2,6.0,2314.0,
382,25,12,22,2.0,2,2,2.0,2.0,,2.0,18.0,2,1.0,,4110.0
383,25,16,17,2.0,2,2,2.0,2.0,,2.0,14.0,1,1.0,,4060.0
384,25,24,52,2.0,2,2,2.0,1.0,,2.0,16.0,2,6.0,,4040.0
385,25,28,16,2.0,2,2,2.0,2.0,,2.0,13.0,2,6.0,,
386,25,10,83,2.0,2,2,2.0,2.0,2.0,2.0,16.0,1,6.0,,
387,25,10,79,1.0,2,2,1.0,1.0,,1.0,19.0,2,6.0,,
388,25,29,61,2.0,1,2,2.0,2.0,,2.0,19.0,1,2.0,,8220.0
389,25,23,52,2.0,2,2,2.0,2.0,,2.0,21.0,2,1.0,3600.0,3630.0
390,25,13,46,2.0,2,2,2.0,2.0,,2.0,22.0,1,1.0,2408.0,710.0
391,25,12,47,2.0,2,2,2.0,2.0,,2.0,22.0,2,1.0,1401.0,4620.0
392,25,15,18,2.0,2,2,2.0,2.0,,2.0,16.0,1,6.0,,4760.0
393,25,10,15,2.0,2,2,2.0,2.0,,2.0,12.0,1,,,
394,25,9,49,2.0,2,2,2.0,2.0,,2.0,21.0,1,1.0,2406.0,5000.0
395,25,10,51,2.0,2,2,2.0,2.0,,2.0,21.0,2,1.0,6107.0,3255.0
396,25,8,27,2.0,2,2,2.0,2.0,,2.0,20.0,1,3.0,,3300.0
397,25,6,22,2.0,2,2,2.0,2.0,,2.0,21.0,1,1.0,3603.0,1860.0
398,25,6,17,2.0,2,2,2.0,2.0,,2.0,14.0,1,6.0,,
399,25,8,2,,2,2,,,,,,2,,,
400,25,12,75,2.0,2,2,2.0,2.0,,2.0,1.0,2,6.0,,
401,25,7,25,2.0,2,2,2.0,2.0,,2.0,19.0,2,1.0,,5110.0
402,25,5,59,2.0,2,2,2.0,2.0,,2.0,21.0,1,1.0,3301.0,6230.0
403,25,20,70,2.0,2,2,2.0,1.0,,2.0,22.0,2,6.0,2310.0,
404,25,19,68,2.0,2,2,2.0,2.0,,2.0,19.0,1,1.0,,1010.0
405,25,13,52,2.0,2,2,2.0,2.0,,2.0,22.0,1,1.0,5501.0,2310.0
406,25,12,48,2.0,2,2,2.0,2.0,,2.0,21.0,2,1.0,6004.0,5240.0
407,25,13,65,2.0,2,2,2.0,2.0,,2.0,21.0,1,1.0,2306.0,4760.0
408,25,13,64,2.0,2,2,2.0,2.0,,2.0,21.0,2,6.0,2304.0,8740.0
409,25,7,50,2.0,2,2,2.0,2.0,2.0,2.0,22.0,1,1.0,6203.0,300.0
410,25,8,42,2.0,2,2,2.0,2.0,,2.0,21.0,2,1.0,5502.0,2630.0
411,25,7,7,2.0,2,2,,2.0,,2.0,4.0,1,,,
412,25,10,14,2.0,2,1,,2.0,,1.0,10.0,1,,,
413,25,18,75,2.0,2,2,2.0,2.0,,2.0,16.0,2,6.0,,
414,25,31,41,2.0,2,2,2.0,2.0,,2.0,21.0,1,1.0,2408.0,1610.0
415,25,15,51,2.0,2,2,2.0,2.0,,2.0,18.0,1,1.0,,6100.0
416,25,15,52,2.0,2,2,2.0,2.0,,2.0,20.0,2,1.0,,3255.0
417,25,23,39,2.0,2,2,1.0,2.0,1.0,1.0,13.0,1,6.0,,
418,25,32,17,2.0,2,2,2.0,2.0,,2.0,13.0,2,6.0,,
419,25,23,15,2.0,2,2,2.0,2.0,,2.0,12.0,1,,,
420,25,1,19,2.0,2,2,2.0,2.0,,2.0,21.0,1,6.0,6206.0,4140.0
421,25,14,54,2.0,2,2,2.0,2.0,,2.0,16.0,2,1.0,,3600.0
422,25,16,53,2.0,2,2,2.0,2.0,,2.0,16.0,1,1.0,,4850.0
423,25,66,42,2.0,2,2,2.0,2.0,,2.0,21.0,2,1.0,5501.0,4700.0
424,25,70,47,2.0,2,2,2.0,2.0,,2.0,16.0,1,1.0,,4700.0
425,25,76,10,2.0,2,2,,2.0,,2.0,6.0,2,,,
426,25,4,94,1.0,2,2,1.0,1.0,,1.0,16.0,2,6.0,,
427,25,1,45,2.0,2,2,2.0,2.0,,2.0,19.0,1,1.0,,9140.0
428,25,11,46,2.0,2,2,2.0,2.0,,2.0,24.0,2,1.0,5001.0,2200.0
429,25,12,46,2.0,2,2,2.0,2.0,,2.0,24.0,1,1.0,3700.0,1700.0
430,25,11,9,2.0,2,2,,2.0,,2.0,6.0,1,,,
431,25,65,40,2.0,2,2,2.0,2.0,,2.0,19.0,2,1.0,,4150.0
432,25,59,41,2.0,2,2,2.0,2.0,,2.0,19.0,1,1.0,,3600.0
433,25,52,3,,2,2,,,,,1.0,1,,,
434,25,52,0,,2,2,,,,,,1,,,
435,25,2,19,2.0,2,2,2.0,2.0,,2.0,19.0,2,6.0,,4110.0
436,25,15,65,1.0,2,2,2.0,1.0,,1.0,16.0,1,6.0,,
437,25,18,40,2.0,2,2,2.0,2.0,,2.0,24.0,2,1.0,3600.0,8220.0
438,25,18,40,2.0,2,2,2.0,2.0,,2.0,22.0,1,1.0,2414.0,10.0
439,25,15,10,2.0,2,2,,2.0,,2.0,7.0,1,,,
440,25,16,9,2.0,2,2,,2.0,,2.0,6.0,2,,,
441,25,8,46,2.0,2,2,2.0,2.0,,2.0,22.0,2,1.0,3700.0,10.0
442,25,9,48,2.0,2,2,2.0,2.0,,2.0,22.0,1,1.0,3301.0,10.0
443,25,10,6,2.0,2,2,,2.0,,2.0,3.0,2,,,
444,25,18,43,2.0,2,2,2.0,2.0,,2.0,21.0,1,1.0,2601.0,9050.0
445,25,49,47,2.0,2,2,2.0,2.0,2.0,2.0,19.0,1,1.0,,7700.0
446,25,47,47,2.0,2,2,2.0,2.0,,2.0,19.0,2,1.0,,2340.0
447,25,44,24,2.0,2,2,2.0,2.0,,2.0,16.0,1,3.0,,9920.0
448,25,39,18,2.0,2,2,2.0,2.0,,2.0,16.0,1,1.0,,1920.0
449,25,51,11,2.0,2,2,,2.0,,2.0,7.0,2,,,
450,25,46,23,2.0,2,2,2.0,2.0,,2.0,19.0,1,1.0,,3110.0
451,25,58,22,2.0,2,2,2.0,2.0,,2.0,19.0,1,1.0,,5020.0
452,25,15,59,2.0,2,2,2.0,2.0,,2.0,21.0,1,1.0,2406.0,1360.0
453,25,15,56,2.0,2,2,2.0,2.0,,2.0,21.0,2,1.0,6203.0,100.0
454,25,15,61,2.0,2,1,2.0,2.0,,1.0,21.0,1,3.0,3600.0,1400.0
455,25,12,62,2.0,2,2,2.0,2.0,,2.0,23.0,2,6.0,2300.0,2100.0
456,25,16,19,2.0,2,2,2.0,2.0,,2.0,19.0,1,6.0,,5240.0
457,25,5,88,1.0,2,2,1.0,1.0,,1.0,12.0,2,6.0,,
458,25,29,62,2.0,2,2,2.0,2.0,,2.0,22.0,1,1.0,6206.0,430.0
459,25,28,53,2.0,2,2,2.0,2.0,,2.0,19.0,2,1.0,,5110.0
460,25,26,61,2.0,2,2,2.0,2.0,,2.0,16.0,2,1.0,,5320.0
461,25,16,59,2.0,2,2,2.0,2.0,,2.0,16.0,2,3.0,,8740.0
462,25,16,64,2.0,2,2,2.0,2.0,,2.0,20.0,1,6.0,,4210.0
463,25,19,28,2.0,2,2,2.0,2.0,,2.0,21.0,1,1.0,6207.0,5110.0
464,25,22,27,2.0,2,2,2.0,2.0,,2.0,21.0,2,1.0,2304.0,2540.0
465,25,17,59,2.0,2,2,2.0,2.0,2.0,2.0,16.0,1,1.0,,9620.0
466,25,14,68,2.0,2,2,2.0,2.0,,2.0,16.0,2,1.0,,3600.0
467,25,22,31,2.0,2,2,2.0,2.0,,2.0,21.0,1,1.0,2102.0,1020.0
468,25,18,31,2.0,2,2,2.0,2.0,,2.0,21.0,2,6.0,2102.0,2200.0
469,25,18,50,2.0,2,2,2.0,2.0,,2.0,19.0,2,2.0,,120.0
470,25,18,50,2.0,2,2,2.0,2.0,,2.0,21.0,1,1.0,3700.0,10.0
471,25,11,53,2.0,2,2,2.0,2.0,,2.0,15.0,2,1.0,,5240.0
472,25,13,53,2.0,2,2,2.0,2.0,,2.0,13.0,1,1.0,,5620.0
473,25,50,24,2.0,2,2,2.0,2.0,,2.0,21.0,2,1.0,5301.0,5400.0
474,25,54,20,2.0,2,2,2.0,2.0,,2.0,16.0,1,1.0,,6440.0
475,25,26,73,2.0,1,2,2.0,2.0,,2.0,16.0,1,6.0,,8740.0
476,25,28,71,2.0,2,2,2.0,2.0,,2.0,19.0,2,6.0,,
477,25,61,34,2.0,2,2,2.0,2.0,,2.0,19.0,1,1.0,,7315.0
478,25,27,30,2.0,2,2,2.0,2.0,,2.0,21.0,1,1.0,6203.0,630.0
479,25,28,30,2.0,2,2,2.0,2.0,,2.0,21.0,1,1.0,5301.0,430.0
480,25,57,50,2.0,2,2,2.0,2.0,,2.0,16.0,1,1.0,,7315.0
481,25,72,40,2.0,2,2,2.0,2.0,,2.0,16.0,2,1.0,,5240.0
482,25,64,10,2.0,2,2,,2.0,,2.0,7.0,2,,,
483,25,84,35,2.0,2,2,2.0,2.0,,2.0,16.0,2,3.0,,4510.0
484,25,75,52,2.0,2,2,2.0,2.0,,2.0,19.0,1,1.0,,9130.0
485,25,62,4,,2,2,,,,,1.0,1,,,
486,25,70,17,2.0,2,2,2.0,2.0,,2.0,16.0,1,6.0,,
487,25,11,58,2.0,2,2,2.0,2.0,,2.0,22.0,2,1.0,6001.0,726.0
488,25,11,50,2.0,2,2,2.0,2.0,,2.0,24.0,2,1.0,6006.0,230.0
489,25,13,31,2.0,2,2,2.0,2.0,,2.0,21.0,1,3.0,6201.0,4710.0
490,25,13,31,2.0,2,2,2.0,2.0,,2.0,21.0,2,1.0,6206.0,310.0
491,25,12,25,2.0,2,2,2.0,2.0,,2.0,21.0,1,1.0,6402.0,4760.0
492,25,24,75,2.0,2,2,2.0,2.0,,2.0,18.0,2,6.0,,
493,25,21,79,2.0,2,2,2.0,2.0,1.0,2.0,20.0,1,6.0,,
494,25,16,56,2.0,2,2,2.0,2.0,2.0,2.0,17.0,1,1.0,,4240.0
495,25,40,57,2.0,2,2,2.0,2.0,,2.0,16.0,2,1.0,,910.0
496,25,13,70,2.0,2,2,2.0,2.0,,2.0,21.0,2,6.0,6107.0,
497,25,23,29,2.0,2,2,2.0,2.0,,2.0,16.0,1,1.0,,7750.0
498,25,16,29,2.0,2,2,2.0,2.0,,2.0,16.0,2,1.0,,3645.0
499,25,21,1,,2,2,,,,,,2,,,
500,25,21,0,,2,2,,,,,,2,,,
501,25,21,13,2.0,2,2,,2.0,,2.0,10.0,2,,,
502,25,13,44,2.0,2,2,2.0,2.0,,2.0,18.0,2,1.0,,850.0
503,25,14,17,2.0,2,2,2.0,2.0,,2.0,14.0,2,6.0,,
504,25,18,16,2.0,2,2,2.0,2.0,,2.0,12.0,1,6.0,,
505,25,15,45,2.0,2,2,2.0,2.0,,2.0,16.0,1,3.0,,4250.0
506,25,10,31,2.0,2,2,2.0,2.0,,2.0,21.0,2,3.0,5004.0,430.0
507,25,14,46,2.0,2,1,2.0,2.0,,2.0,16.0,2,3.0,,4700.0
508,25,17,47,2.0,2,2,2.0,2.0,2.0,2.0,21.0,1,1.0,6201.0,4465.0
509,25,18,24,2.0,2,1,2.0,2.0,,2.0,16.0,1,1.0,,4460.0
510,25,18,23,2.0,2,2,2.0,2.0,,2.0,12.0,1,6.0,,4250.0
511,25,18,61,2.0,2,2,2.0,2.0,,2.0,17.0,2,1.0,,9140.0
512,25,12,58,2.0,2,2,2.0,2.0,,2.0,22.0,2,1.0,5404.0,2000.0
513,25,12,57,2.0,2,2,2.0,2.0,,2.0,21.0,1,1.0,6107.0,3256.0
514,25,56,86,2.0,2,2,1.0,2.0,,1.0,21.0,2,6.0,6200.0,
515,25,4,65,2.0,2,2,2.0,2.0,,2.0,20.0,2,1.0,,120.0
516,25,17,44,2.0,2,2,2.0,2.0,,2.0,22.0,2,1.0,2309.0,2310.0
517,25,20,6,2.0,2,2,,2.0,,2.0,4.0,2,,,
518,25,19,5,2.0,2,2,,2.0,,2.0,2.0,2,,,
519,25,18,48,2.0,2,2,2.0,2.0,,2.0,17.0,1,1.0,,9620.0
520,25,16,87,2.0,2,2,2.0,2.0,,2.0,8.0,1,6.0,,
521,25,19,41,2.0,2,2,2.0,2.0,,2.0,22.0,2,1.0,5301.0,3850.0
522,25,12,18,2.0,2,2,2.0,2.0,,2.0,18.0,1,6.0,,430.0
523,25,23,43,2.0,2,2,2.0,2.0,,2.0,22.0,1,1.0,2412.0,4850.0
524,25,24,45,2.0,2,2,2.0,2.0,,2.0,21.0,2,1.0,6206.0,710.0
525,25,23,10,2.0,2,2,,2.0,,2.0,6.0,2,,,
526,25,26,9,2.0,2,2,,2.0,,2.0,5.0,1,,,
527,25,33,36,2.0,2,2,2.0,2.0,,2.0,21.0,2,1.0,5507.0,40.0
528,25,32,35,2.0,2,2,2.0,2.0,,2.0,21.0,1,1.0,1902.0,4800.0
529,25,42,4,,2,2,,,,,1.0,2,,,
530,25,28,0,,2,2,,,,,,1,,,
531,25,20,34,2.0,2,2,2.0,2.0,,2.0,22.0,2,1.0,5200.0,2000.0
532,25,21,35,2.0,2,2,2.0,2.0,,2.0,22.0,1,1.0,3700.0,2320.0
533,25,22,4,,2,2,,,,,1.0,2,,,
534,25,25,2,,2,2,,,,,,1,,,
535,25,14,79,1.0,2,2,1.0,1.0,,1.0,11.0,1,6.0,,
536,25,14,25,2.0,2,2,2.0,2.0,,2.0,22.0,2,1.0,2414.0,2200.0
537,25,8,24,2.0,2,2,2.0,2.0,,2.0,22.0,2,1.0,2414.0,2200.0
538,25,30,43,2.0,2,2,2.0,2.0,,2.0,21.0,2,1.0,5004.0,1420.0
539,25,27,44,2.0,2,2,2.0,2.0,,2.0,18.0,1,1.0,,9130.0
540,25,30,17,2.0,2,2,2.0,2.0,,2.0,14.0,2,3.0,,4720.0
541,25,30,13,2.0,2,2,,2.0,,2.0,9.0,1,,,
542,25,29,8,2.0,2,2,,2.0,,2.0,4.0,1,,,
543,25,15,60,2.0,2,2,2.0,2.0,,2.0,12.0,2,1.0,,4600.0
544,25,18,23,2.0,2,2,2.0,2.0,,2.0,21.0,2,1.0,5301.0,2310.0
545,25,9,64,2.0,2,2,2.0,2.0,,2.0,16.0,2,6.0,,5700.0
546,25,9,79,1.0,2,2,2.0,1.0,,2.0,18.0,1,6.0,,
547,25,11,94,2.0,2,2,2.0,2.0,,2.0,21.0,2,6.0,6002.0,
548,25,62,74,2.0,2,2,2.0,2.0,,2.0,21.0,1,6.0,3401.0,4610.0
549,25,63,65,2.0,2,2,2.0,2.0,,2.0,22.0,2,1.0,3401.0,2000.0
550,25,27,29,2.0,2,2,2.0,2.0,,2.0,16.0,1,1.0,,9130.0
551,25,19,79,2.0,2,2,1.0,2.0,2.0,2.0,16.0,1,6.0,,
552,25,62,37,2.0,2,2,2.0,2.0,,2.0,21.0,2,1.0,6203.0,4600.0
553,25,62,39,2.0,2,2,2.0,2.0,,2.0,20.0,1,3.0,,3930.0
554,25,49,3,,2,2,,,,,2.0,1,,,
555,25,5,41,2.0,2,2,2.0,2.0,,2.0,22.0,2,6.0,2503.0,410.0
556,25,4,42,2.0,2,2,2.0,2.0,2.0,2.0,22.0,1,1.0,2504.0,430.0
557,25,4,11,2.0,2,2,,2.0,,2.0,8.0,1,,,
558,25,2,9,2.0,2,2,,2.0,,2.0,6.0,2,,,
559,25,7,36,2.0,2,2,1.0,2.0,,1.0,13.0,1,6.0,,
560,25,14,54,2.0,2,2,2.0,2.0,,2.0,21.0,2,1.0,4101.0,4350.0
561,25,17,59,2.0,2,2,2.0,2.0,,2.0,23.0,1,1.0,3600.0,3250.0
562,25,28,54,2.0,2,2,2.0,2.0,,2.0,19.0,1,3.0,,1540.0
563,25,25,53,2.0,2,2,2.0,2.0,,2.0,21.0,2,1.0,5404.0,2010.0
564,25,28,27,2.0,2,2,2.0,2.0,,2.0,19.0,1,6.0,,7315.0
565,25,44,24,2.0,2,2,2.0,2.0,,2.0,19.0,1,1.0,,9360.0
566,25,18,77,2.0,2,2,2.0,2.0,,2.0,16.0,2,6.0,,
567,25,18,76,2.0,2,2,2.0,2.0,2.0,2.0,22.0,1,6.0,2405.0,
568,25,29,42,2.0,2,2,2.0,2.0,,1.0,19.0,2,6.0,,
569,25,29,19,2.0,2,2,2.0,2.0,,2.0,10.0,1,1.0,,9620.0
570,25,14,17,2.0,2,2,2.0,2.0,,2.0,13.0,2,6.0,,
571,25,14,17,2.0,2,2,2.0,2.0,,2.0,11.0,2,6.0,,
572,25,13,19,2.0,2,2,2.0,2.0,,2.0,19.0,1,6.0,,
573,25,27,42,2.0,2,2,2.0,2.0,,2.0,22.0,2,1.0,5200.0,100.0
574,25,20,52,2.0,2,2,2.0,2.0,2.0,2.0,17.0,1,1.0,,6260.0
575,25,20,43,2.0,2,2,2.0,2.0,,2.0,16.0,2,1.0,,3300.0
576,25,15,86,2.0,2,2,2.0,1.0,,2.0,16.0,2,6.0,,5700.0
577,25,17,18,2.0,2,2,2.0,2.0,,2.0,16.0,1,6.0,,
578,25,12,48,2.0,2,2,2.0,2.0,,2.0,21.0,1,1.0,2405.0,1760.0
579,25,13,48,2.0,2,2,2.0,2.0,,2.0,16.0,2,1.0,,4610.0
580,25,12,21,2.0,2,2,2.0,2.0,,2.0,16.0,1,1.0,,2840.0
581,25,13,17,2.0,2,2,2.0,2.0,,2.0,14.0,1,6.0,,
582,25,14,14,2.0,2,2,,2.0,,2.0,12.0,1,,,
583,25,16,19,2.0,2,2,2.0,2.0,,2.0,19.0,2,6.0,,
584,25,25,47,2.0,2,2,2.0,2.0,,2.0,17.0,1,1.0,,9620.0
585,25,26,42,2.0,1,2,1.0,2.0,,1.0,21.0,2,3.0,3301.0,4010.0
586,25,10,64,2.0,2,2,2.0,2.0,,2.0,21.0,1,1.0,5506.0,9120.0
587,25,10,57,2.0,2,2,2.0,2.0,,2.0,21.0,2,1.0,5200.0,2310.0
588,25,66,55,2.0,2,2,2.0,2.0,,2.0,16.0,2,1.0,,8740.0
589,25,7,48,2.0,2,2,1.0,1.0,,2.0,19.0,1,6.0,,
590,25,7,22,2.0,2,2,2.0,2.0,,2.0,19.0,1,1.0,,4610.0
591,25,3,45,1.0,2,1,1.0,1.0,,1.0,1.0,2,6.0,,
592,25,10,65,2.0,2,2,2.0,2.0,,2.0,20.0,2,1.0,,4600.0
593,25,12,19,2.0,2,2,2.0,2.0,,2.0,16.0,2,6.0,,4760.0
594,25,21,20,2.0,2,2,2.0,2.0,,2.0,16.0,2,1.0,,5240.0
595,25,38,18,2.0,2,2,2.0,2.0,,2.0,16.0,2,1.0,,4150.0
596,25,11,68,2.0,2,2,2.0,2.0,2.0,2.0,20.0,1,6.0,,
597,25,12,65,2.0,2,2,2.0,2.0,,2.0,16.0,2,6.0,,
598,25,16,30,2.0,2,2,2.0,2.0,,2.0,22.0,2,1.0,4101.0,230.0
599,25,58,43,2.0,2,2,2.0,2.0,,2.0,20.0,2,1.0,,3645.0
600,25,40,39,2.0,2,2,2.0,2.0,,2.0,16.0,1,1.0,,3655.0
601,25,48,20,2.0,2,2,2.0,2.0,,2.0,18.0,1,1.0,,4030.0
602,25,27,16,2.0,2,2,2.0,2.0,,2.0,13.0,2,6.0,,
603,25,11,24,2.0,2,2,2.0,2.0,,2.0,18.0,2,1.0,,2145.0
604,25,22,26,2.0,2,2,2.0,2.0,,2.0,18.0,1,1.0,,3800.0
605,25,4,71,2.0,2,2,2.0,2.0,2.0,2.0,16.0,1,6.0,,
606,25,3,70,2.0,2,2,2.0,2.0,,2.0,16.0,2,6.0,,
607,25,18,41,2.0,2,2,2.0,2.0,,2.0,21.0,2,1.0,3401.0,5240.0
608,25,16,42,2.0,2,2,2.0,2.0,,2.0,19.0,1,1.0,,5000.0
609,25,19,8,2.0,2,2,,2.0,,2.0,5.0,1,,,
610,25,19,6,2.0,2,2,,2.0,,2.0,3.0,1,,,
611,25,18,79,2.0,2,2,2.0,2.0,,2.0,21.0,2,1.0,6201.0,800.0
612,25,2,46,2.0,2,2,2.0,2.0,2.0,2.0,21.0,1,4.0,5506.0,100.0
613,25,2,51,2.0,2,2,2.0,2.0,,2.0,22.0,2,1.0,6002.0,2320.0
614,25,2,18,2.0,2,2,2.0,2.0,,2.0,16.0,1,1.0,,4760.0
615,25,2,15,2.0,2,2,2.0,2.0,,2.0,13.0,1,,,
616,25,55,54,2.0,2,2,2.0,2.0,,2.0,6.0,1,1.0,,8300.0
617,25,36,55,2.0,2,2,2.0,2.0,,2.0,8.0,2,1.0,,8300.0
618,25,63,22,2.0,2,2,2.0,2.0,,2.0,16.0,1,1.0,,3535.0
619,25,56,21,2.0,2,2,2.0,2.0,,2.0,16.0,2,1.0,,4760.0
620,25,20,79,2.0,2,2,2.0,2.0,,2.0,22.0,2,6.0,6402.0,
621,25,35,54,2.0,2,2,2.0,2.0,,2.0,19.0,2,1.0,,230.0
622,25,19,57,2.0,2,2,2.0,2.0,,2.0,21.0,1,2.0,2102.0,1020.0
623,25,17,50,2.0,2,2,2.0,2.0,,2.0,21.0,2,2.0,6107.0,110.0
624,25,24,23,2.0,2,2,2.0,2.0,,2.0,21.0,1,1.0,6402.0,4760.0
625,25,10,52,2.0,2,2,2.0,2.0,,2.0,16.0,1,1.0,,4720.0
626,25,21,50,2.0,2,2,2.0,2.0,,2.0,21.0,2,1.0,6205.0,4710.0
627,25,17,40,2.0,2,2,2.0,2.0,,2.0,18.0,1,1.0,,9130.0
628,25,48,21,2.0,2,2,2.0,2.0,,2.0,17.0,2,3.0,,5850.0
629,25,76,1,,2,2,,,,,,1,,,
630,25,67,24,2.0,2,2,2.0,2.0,,2.0,15.0,1,1.0,,20.0
631,25,86,56,2.0,2,2,2.0,2.0,,2.0,21.0,1,1.0,2414.0,50.0
632,25,24,89,2.0,2,2,2.0,2.0,,2.0,22.0,2,1.0,5200.0,2000.0
633,25,23,19,2.0,2,1,2.0,2.0,,1.0,17.0,1,6.0,,
634,25,23,34,2.0,2,2,2.0,2.0,,2.0,19.0,1,1.0,,7200.0
635,25,19,30,2.0,2,1,2.0,2.0,,2.0,20.0,2,1.0,,3645.0
636,25,23,5,2.0,2,2,,2.0,,2.0,2.0,1,,,
637,25,9,65,2.0,2,2,2.0,2.0,,2.0,21.0,2,3.0,6107.0,3255.0
638,25,12,22,2.0,2,2,2.0,2.0,,2.0,19.0,1,6.0,,2000.0
639,25,9,21,2.0,2,2,2.0,2.0,,2.0,19.0,2,1.0,,5700.0
640,25,12,32,2.0,2,2,2.0,2.0,,2.0,17.0,2,1.0,,4030.0
641,25,17,12,2.0,2,2,,2.0,,2.0,9.0,2,,,
642,25,16,10,2.0,2,2,,2.0,,2.0,6.0,2,,,
643,25,16,7,2.0,2,2,,2.0,,2.0,3.0,2,,,
644,25,14,2,,2,2,,,,,,1,,,
645,25,14,31,2.0,2,2,2.0,2.0,,2.0,16.0,1,1.0,,4220.0
646,25,15,72,2.0,2,2,2.0,2.0,,2.0,22.0,1,6.0,2300.0,2200.0
647,25,21,67,2.0,2,2,2.0,2.0,,2.0,19.0,2,3.0,,5240.0
648,25,22,62,2.0,2,2,2.0,2.0,2.0,2.0,18.0,1,1.0,,540.0
649,25,36,27,2.0,2,2,2.0,2.0,,2.0,21.0,1,1.0,5301.0,3930.0
650,25,21,27,2.0,2,2,2.0,2.0,,2.0,20.0,2,1.0,,3255.0
651,25,12,18,2.0,2,2,2.0,2.0,,2.0,18.0,2,6.0,,2000.0
652,25,11,82,2.0,2,1,1.0,2.0,,1.0,16.0,2,6.0,,
653,25,8,63,2.0,2,2,2.0,2.0,,2.0,13.0,2,6.0,,4110.0
654,25,12,33,2.0,2,2,1.0,2.0,,1.0,16.0,2,6.0,,3600.0
655,25,10,48,2.0,2,2,2.0,2.0,,2.0,21.0,2,6.0,3301.0,
656,25,14,48,2.0,2,2,2.0,2.0,,2.0,21.0,1,1.0,5501.0,120.0
657,25,6,21,2.0,2,2,2.0,2.0,,2.0,19.0,1,6.0,,1107.0
658,25,21,80,2.0,1,2,2.0,2.0,,2.0,16.0,2,6.0,,
659,25,2,65,1.0,2,2,1.0,2.0,,1.0,23.0,2,1.0,1401.0,2630.0
660,25,33,25,2.0,2,2,2.0,2.0,,2.0,21.0,2,1.0,6107.0,3255.0
661,25,53,2,,2,2,,,,,,2,,,
662,25,9,64,2.0,2,2,1.0,2.0,,1.0,21.0,2,1.0,6201.0,710.0
663,25,10,33,2.0,2,2,2.0,2.0,,2.0,21.0,2,1.0,3301.0,2200.0
664,25,18,77,2.0,2,2,2.0,2.0,2.0,2.0,19.0,1,6.0,,
665,25,13,75,2.0,2,2,2.0,2.0,,2.0,22.0,2,6.0,2304.0,
666,25,16,53,2.0,2,2,2.0,2.0,,2.0,17.0,2,3.0,,4720.0
667,25,22,49,2.0,2,2,2.0,2.0,,2.0,21.0,2,6.0,6201.0,800.0
668,25,13,48,2.0,2,2,2.0,2.0,2.0,2.0,19.0,1,1.0,,4700.0
669,25,22,26,2.0,2,1,2.0,2.0,,2.0,19.0,2,6.0,,5240.0
670,25,18,19,2.0,2,2,2.0,2.0,,2.0,18.0,1,1.0,,4720.0
671,25,14,17,2.0,2,2,1.0,2.0,,2.0,16.0,2,6.0,,
672,25,29,0,,2,1,,,,,,1,,,
673,25,21,46,2.0,2,2,2.0,2.0,,2.0,19.0,2,3.0,,1540.0
674,25,44,19,2.0,2,2,2.0,2.0,,2.0,4.0,1,1.0,,5620.0
675,25,21,28,2.0,2,2,2.0,2.0,,2.0,14.0,2,1.0,,9640.0
676,25,25,34,2.0,2,2,2.0,2.0,,2.0,19.0,1,1.0,,8800.0
677,25,18,11,2.0,2,2,,2.0,,2.0,7.0,2,,,
678,25,21,9,2.0,2,2,,2.0,,2.0,7.0,1,,,
679,25,18,7,2.0,2,2,,2.0,,2.0,5.0,2,,,
680,25,22,4,,2,2,,,,,1.0,2,,,
681,25,20,76,2.0,2,2,2.0,2.0,,2.0,21.0,2,6.0,6402.0,
682,25,22,47,2.0,2,2,2.0,2.0,,2.0,18.0,2,1.0,,4510.0
683,25,19,49,2.0,2,2,2.0,2.0,,2.0,20.0,1,1.0,,2320.0
684,25,21,24,2.0,2,2,2.0,2.0,,2.0,22.0,1,1.0,3700.0,4840.0
685,25,21,24,1.0,2,2,2.0,2.0,,2.0,21.0,1,1.0,5501.0,2810.0
686,25,12,19,2.0,2,2,2.0,2.0,,2.0,18.0,1,6.0,,5310.0
687,25,48,52,2.0,2,2,2.0,2.0,2.0,2.0,16.0,1,6.0,,6230.0
688,25,45,51,2.0,2,2,2.0,2.0,,2.0,16.0,2,6.0,,4510.0
689,25,48,22,2.0,2,2,2.0,2.0,,2.0,16.0,1,1.0,,8965.0
690,25,48,20,2.0,2,2,2.0,2.0,,2.0,17.0,1,6.0,,
691,25,21,52,2.0,2,2,2.0,2.0,,2.0,21.0,1,1.0,3607.0,3050.0
692,25,20,54,2.0,2,2,2.0,2.0,,2.0,19.0,2,1.0,,3600.0
693,25,19,15,2.0,2,2,2.0,2.0,,2.0,12.0,2,,,
694,25,14,61,2.0,2,2,2.0,2.0,,2.0,20.0,2,1.0,,3300.0
695,25,13,59,2.0,2,2,2.0,2.0,,2.0,16.0,1,6.0,,6230.0
696,25,18,68,2.0,2,2,2.0,2.0,,2.0,20.0,1,6.0,,
697,25,20,66,2.0,2,2,2.0,2.0,,2.0,16.0,2,1.0,,4030.0
698,25,22,29,2.0,2,2,2.0,2.0,,2.0,21.0,1,1.0,1901.0,8965.0
699,25,18,36,2.0,2,2,1.0,2.0,,1.0,17.0,1,6.0,,
700,25,11,51,1.0,2,2,1.0,2.0,,1.0,21.0,2,3.0,2304.0,3600.0
701,25,32,22,2.0,2,2,2.0,2.0,,2.0,19.0,1,6.0,,50.0
702,25,35,21,2.0,2,2,2.0,2.0,,2.0,19.0,1,6.0,,2825.0
703,25,35,20,2.0,2,2,2.0,2.0,,2.0,19.0,1,6.0,,
704,25,16,63,2.0,2,2,2.0,2.0,,2.0,21.0,1,6.0,2414.0,1530.0
705,25,19,63,2.0,2,2,2.0,2.0,,2.0,20.0,2,6.0,,3255.0
706,25,16,27,2.0,2,2,2.0,2.0,,2.0,22.0,2,1.0,2601.0,4720.0
707,25,25,26,2.0,2,2,2.0,2.0,,2.0,21.0,2,1.0,3301.0,2710.0
708,25,8,60,2.0,2,2,2.0,2.0,,2.0,16.0,2,1.0,,5700.0
709,25,28,49,2.0,2,2,2.0,2.0,,2.0,22.0,2,1.0,6199.0,2850.0
710,25,28,50,2.0,2,2,2.0,2.0,,2.0,21.0,1,1.0,2102.0,2310.0
711,25,3,20,2.0,2,2,2.0,2.0,,2.0,19.0,2,6.0,,5700.0
712,25,5,19,2.0,2,2,2.0,2.0,,2.0,19.0,1,1.0,,5400.0
713,25,18,50,2.0,2,2,2.0,2.0,,2.0,16.0,1,1.0,,6200.0
714,25,19,16,2.0,2,2,2.0,2.0,,2.0,14.0,2,1.0,,4110.0
715,25,28,31,2.0,2,2,2.0,2.0,,2.0,19.0,2,1.0,,4110.0
716,25,12,21,2.0,2,2,2.0,2.0,,2.0,19.0,2,1.0,,230.0
717,25,17,34,2.0,2,2,2.0,2.0,,2.0,22.0,1,3.0,6402.0,5940.0
718,25,16,36,2.0,2,2,2.0,2.0,,2.0,22.0,2,1.0,3301.0,2320.0
719,25,18,1,,2,2,,,,,,2,,,
720,25,11,32,2.0,2,2,2.0,2.0,,2.0,22.0,1,1.0,5507.0,2310.0
721,25,10,30,2.0,2,2,2.0,2.0,,2.0,22.0,2,1.0,3301.0,2310.0
722,25,15,0,,2,2,,,,,,2,,,
723,25,16,52,2.0,2,2,2.0,2.0,,2.0,1.0,1,1.0,,8220.0
724,25,21,56,2.0,2,2,2.0,2.0,,2.0,1.0,2,6.0,,7720.0
725,25,23,65,2.0,2,2,2.0,2.0,2.0,2.0,22.0,1,1.0,5004.0,710.0
726,25,23,64,2.0,2,2,2.0,2.0,,2.0,24.0,2,1.0,6107.0,2200.0
727,25,25,28,2.0,2,2,2.0,2.0,,2.0,21.0,1,1.0,6402.0,120.0
728,25,29,28,2.0,2,2,2.0,2.0,,2.0,22.0,2,1.0,1501.0,3255.0
729,25,19,66,2.0,2,2,1.0,2.0,,1.0,1.0,1,6.0,,
730,25,10,61,2.0,2,2,2.0,2.0,,2.0,22.0,1,6.0,5301.0,6420.0
731,25,13,60,2.0,2,2,2.0,2.0,,2.0,20.0,2,1.0,,5000.0
732,25,35,53,2.0,2,2,2.0,2.0,,2.0,21.0,2,1.0,6000.0,4700.0
733,25,46,48,2.0,2,2,2.0,2.0,,2.0,20.0,2,1.0,,1107.0
734,25,11,42,2.0,2,2,2.0,2.0,,2.0,22.0,1,1.0,6007.0,2200.0
735,25,12,12,2.0,2,2,,2.0,,2.0,8.0,1,,,
736,25,1,61,1.0,2,1,1.0,1.0,,2.0,1.0,2,6.0,,
737,25,13,62,2.0,2,2,2.0,2.0,,2.0,19.0,2,6.0,,5700.0
738,25,13,63,2.0,2,2,2.0,2.0,,2.0,16.0,1,6.0,,8030.0
739,25,23,72,2.0,2,2,2.0,2.0,,2.0,18.0,2,6.0,,
740,25,10,19,2.0,2,2,2.0,2.0,,2.0,19.0,2,1.0,,5700.0
741,25,15,41,2.0,2,2,2.0,2.0,,2.0,16.0,1,1.0,,4760.0
742,25,35,29,2.0,2,2,2.0,2.0,,2.0,19.0,1,1.0,,4840.0
743,25,38,24,2.0,2,2,2.0,2.0,,2.0,19.0,2,1.0,,3640.0
744,25,11,61,2.0,2,2,2.0,2.0,,2.0,22.0,1,1.0,2308.0,2310.0
745,25,12,62,2.0,2,2,2.0,2.0,,2.0,21.0,2,6.0,5200.0,
746,25,14,18,2.0,2,2,2.0,2.0,,2.0,14.0,1,6.0,,
747,25,15,50,2.0,2,2,2.0,2.0,,2.0,21.0,1,1.0,1302.0,10.0
748,25,17,48,2.0,2,2,2.0,2.0,,2.0,22.0,2,6.0,5401.0,4760.0
749,25,16,15,2.0,2,2,2.0,2.0,,2.0,11.0,2,,,
750,25,18,12,2.0,2,2,,2.0,,2.0,9.0,1,,,
751,25,8,57,2.0,2,2,2.0,2.0,,2.0,16.0,1,1.0,,4700.0
752,25,7,37,2.0,2,2,2.0,2.0,,2.0,19.0,2,1.0,,3649.0
753,25,6,9,2.0,2,2,,2.0,,2.0,6.0,2,,,
754,25,12,29,2.0,2,2,2.0,2.0,,2.0,16.0,1,1.0,,6355.0
755,25,52,45,2.0,2,2,2.0,2.0,,2.0,19.0,2,1.0,,5120.0
756,25,40,15,2.0,2,2,2.0,2.0,,1.0,11.0,1,,,
757,25,19,28,2.0,2,2,2.0,2.0,,2.0,21.0,1,1.0,2201.0,4000.0
758,25,15,24,2.0,2,2,2.0,2.0,,2.0,21.0,2,1.0,5200.0,3245.0
759,25,5,20,2.0,2,2,2.0,2.0,,2.0,19.0,1,6.0,,7010.0
760,25,10,33,2.0,2,2,2.0,2.0,,2.0,22.0,1,1.0,2102.0,1005.0
761,25,11,39,2.0,2,2,2.0,2.0,,2.0,23.0,2,1.0,3301.0,2000.0
762,25,9,1,,2,2,,,,,,2,,,
763,25,11,20,2.0,2,2,2.0,2.0,,2.0,16.0,1,6.0,,1220.0
764,25,4,74,2.0,2,2,2.0,1.0,,2.0,16.0,2,1.0,,120.0
765,25,19,47,2.0,2,2,2.0,2.0,,2.0,21.0,2,6.0,6107.0,3255.0
766,25,18,47,2.0,2,2,2.0,2.0,,2.0,23.0,1,1.0,5506.0,2100.0
767,25,19,14,2.0,2,2,,2.0,,2.0,11.0,1,,,
768,25,17,12,2.0,2,2,,2.0,,2.0,9.0,2,,,
769,25,27,75,2.0,2,2,2.0,2.0,,2.0,20.0,2,6.0,,5700.0
770,25,20,53,2.0,2,2,2.0,2.0,,2.0,18.0,1,1.0,,8620.0
771,25,29,52,2.0,2,2,2.0,2.0,,2.0,18.0,2,1.0,,4720.0
772,25,24,16,2.0,2,2,2.0,2.0,,2.0,13.0,1,6.0,,
773,25,20,12,2.0,2,2,,2.0,,2.0,10.0,2,,,
774,25,38,39,2.0,2,2,2.0,2.0,,2.0,21.0,2,6.0,6200.0,
775,25,34,40,2.0,2,2,2.0,2.0,,2.0,17.0,1,1.0,,4700.0
776,25,29,14,2.0,2,2,,2.0,,2.0,11.0,1,,,
777,25,41,10,2.0,2,2,,2.0,,2.0,7.0,2,,,
778,25,16,36,2.0,2,2,2.0,2.0,,2.0,19.0,1,1.0,,430.0
779,25,12,29,2.0,2,2,2.0,2.0,,2.0,16.0,2,6.0,,4230.0
780,25,15,4,,2,1,,,,,1.0,2,,,
781,25,21,1,,2,2,,,,,,1,,,
782,25,11,19,2.0,2,2,2.0,2.0,,2.0,19.0,2,1.0,,7800.0
783,25,13,21,2.0,2,2,2.0,2.0,,2.0,21.0,1,1.0,3601.0,1965.0
784,25,16,31,2.0,2,2,2.0,2.0,,2.0,24.0,1,1.0,2405.0,1760.0
785,25,17,25,2.0,2,2,2.0,2.0,,2.0,21.0,2,3.0,2406.0,710.0
786,25,16,25,2.0,2,2,2.0,2.0,,2.0,21.0,1,1.0,2102.0,1010.0
787,25,18,35,2.0,2,2,2.0,2.0,,2.0,22.0,1,1.0,2300.0,4850.0
788,25,19,35,2.0,2,2,2.0,2.0,,2.0,21.0,2,1.0,6200.0,5240.0
789,25,5,20,2.0,2,2,2.0,2.0,,2.0,19.0,2,6.0,,4120.0
790,25,3,19,2.0,2,2,2.0,2.0,,2.0,16.0,2,1.0,,5700.0
791,25,30,51,2.0,2,2,2.0,2.0,,2.0,17.0,1,3.0,,6260.0
792,25,29,46,2.0,2,2,2.0,2.0,,2.0,16.0,2,1.0,,4700.0
793,25,2,67,2.0,2,2,2.0,2.0,,2.0,22.0,2,1.0,2304.0,2050.0
794,25,20,84,2.0,2,2,2.0,2.0,,2.0,21.0,1,6.0,2300.0,
795,25,17,80,2.0,2,2,2.0,2.0,,2.0,16.0,2,6.0,,
796,25,20,48,2.0,2,2,2.0,2.0,,2.0,18.0,2,6.0,,
797,25,21,10,2.0,2,2,,2.0,,2.0,7.0,1,,,
798,25,20,64,2.0,2,2,2.0,2.0,,2.0,21.0,1,1.0,6108.0,5310.0
799,25,19,59,2.0,2,2,2.0,2.0,,2.0,21.0,2,1.0,3301.0,4850.0
800,25,13,19,2.0,2,2,2.0,2.0,,2.0,19.0,2,6.0,,4110.0
801,25,11,39,2.0,2,2,2.0,2.0,,2.0,24.0,1,1.0,5007.0,1760.0
802,25,12,42,2.0,2,2,2.0,2.0,,2.0,22.0,2,1.0,1902.0,430.0
803,25,9,7,2.0,2,2,,2.0,,2.0,4.0,2,,,
804,25,8,4,,2,2,,,,,1.0,2,,,
805,25,12,75,2.0,1,2,2.0,1.0,,2.0,16.0,2,6.0,,
806,25,26,28,2.0,2,1,2.0,2.0,,2.0,19.0,1,3.0,,4760.0
807,25,25,37,1.0,2,2,2.0,2.0,,2.0,21.0,1,1.0,2501.0,1460.0
808,25,12,52,2.0,2,2,2.0,2.0,,2.0,16.0,2,1.0,,5000.0
809,25,19,66,2.0,2,2,2.0,2.0,,2.0,16.0,1,1.0,,4220.0
810,25,17,61,2.0,2,2,2.0,2.0,,2.0,20.0,2,1.0,,5700.0
811,25,26,87,2.0,1,2,2.0,2.0,,2.0,21.0,2,6.0,2300.0,
812,25,11,35,2.0,2,2,2.0,2.0,,2.0,21.0,1,1.0,6207.0,110.0
813,25,11,35,2.0,2,2,2.0,2.0,,2.0,21.0,2,2.0,3700.0,4710.0
814,25,10,0,,2,2,,,,,,2,,,
815,25,36,31,2.0,2,2,2.0,2.0,,2.0,22.0,2,1.0,6201.0,800.0
816,25,38,34,2.0,2,2,2.0,2.0,,2.0,21.0,1,1.0,6201.0,800.0
817,25,10,74,2.0,2,2,2.0,2.0,,2.0,18.0,1,6.0,,
818,25,10,71,2.0,2,2,2.0,2.0,,2.0,21.0,2,6.0,2304.0,
819,25,10,55,2.0,2,2,1.0,1.0,,1.0,19.0,1,6.0,,9130.0
820,25,15,63,2.0,2,2,2.0,2.0,,2.0,18.0,1,3.0,,2630.0
821,25,16,55,2.0,2,2,2.0,2.0,,2.0,15.0,2,2.0,,2630.0
822,25,9,14,2.0,2,2,,2.0,,2.0,11.0,2,,,
823,25,14,19,2.0,2,2,2.0,2.0,,2.0,19.0,2,6.0,,4110.0
824,25,9,89,1.0,1,1,1.0,1.0,,1.0,19.0,2,6.0,,
825,25,5,51,2.0,2,2,2.0,2.0,,2.0,21.0,1,1.0,6000.0,1300.0
826,25,10,49,2.0,2,2,2.0,2.0,,2.0,21.0,2,1.0,6002.0,710.0
827,25,8,9,2.0,2,2,,2.0,,2.0,7.0,1,,,
828,25,11,14,2.0,2,2,,2.0,,2.0,12.0,2,,,
829,25,11,12,2.0,2,2,,2.0,,2.0,10.0,2,,,
830,25,13,63,2.0,2,2,2.0,2.0,,2.0,22.0,2,1.0,6107.0,350.0
831,25,32,40,2.0,2,2,2.0,2.0,,2.0,21.0,2,1.0,5098.0,120.0
832,25,31,12,2.0,2,2,,2.0,,2.0,10.0,2,,,
833,25,37,6,2.0,2,2,,2.0,,1.0,5.0,1,,,
834,25,38,6,2.0,2,2,,2.0,,2.0,3.0,1,,,
835,25,19,41,2.0,2,2,2.0,2.0,,2.0,21.0,2,6.0,6203.0,
836,25,17,42,2.0,2,2,2.0,2.0,,2.0,21.0,1,3.0,6203.0,50.0
837,25,21,12,2.0,2,2,,2.0,,2.0,8.0,2,,,
838,25,17,4,,2,2,,,,,1.0,2,,,
839,25,11,63,2.0,2,2,2.0,2.0,,2.0,16.0,1,1.0,,7750.0
840,25,11,64,2.0,2,2,2.0,2.0,,2.0,16.0,2,1.0,,4230.0
841,25,12,24,2.0,2,1,2.0,2.0,,2.0,16.0,2,1.0,,2145.0
842,25,15,4,,2,2,,,,,1.0,2,,,
843,25,2,21,2.0,2,2,2.0,2.0,,2.0,19.0,1,6.0,,
844,25,23,64,2.0,2,2,2.0,2.0,2.0,2.0,22.0,1,6.0,6201.0,800.0
845,25,24,63,2.0,2,2,2.0,2.0,,2.0,22.0,2,1.0,2300.0,2310.0
846,25,31,24,2.0,2,2,2.0,2.0,,2.0,21.0,2,6.0,5200.0,3600.0
847,25,30,23,2.0,2,2,2.0,2.0,,2.0,21.0,1,1.0,6203.0,950.0
848,25,22,57,2.0,2,2,2.0,2.0,,2.0,1.0,1,1.0,,4140.0
849,25,28,19,2.0,2,2,2.0,2.0,,2.0,16.0,2,1.0,,4110.0
850,25,37,89,2.0,2,2,1.0,2.0,,2.0,16.0,2,6.0,,
851,25,2,42,2.0,2,2,2.0,2.0,,2.0,21.0,1,6.0,6210.0,
852,25,5,45,2.0,2,2,2.0,2.0,,2.0,19.0,1,1.0,,9140.0
853,25,17,73,2.0,2,2,2.0,2.0,,2.0,16.0,1,6.0,,
854,25,27,85,2.0,2,2,2.0,2.0,,2.0,16.0,2,6.0,,
855,25,44,60,2.0,2,2,2.0,2.0,,2.0,16.0,1,3.0,,5240.0
856,25,10,81,2.0,2,2,2.0,2.0,,2.0,15.0,2,6.0,,
857,25,24,52,2.0,2,2,2.0,2.0,,2.0,22.0,2,1.0,6203.0,150.0
858,25,26,55,2.0,2,2,2.0,2.0,,2.0,19.0,2,2.0,,4700.0
859,25,11,59,2.0,2,2,2.0,2.0,,2.0,21.0,1,1.0,6203.0,4320.0
860,25,16,22,2.0,2,2,2.0,2.0,,2.0,21.0,2,1.0,6109.0,4120.0
861,25,12,55,2.0,2,2,2.0,2.0,,2.0,21.0,2,1.0,6102.0,850.0
862,25,13,56,2.0,2,2,2.0,2.0,,2.0,16.0,1,1.0,,6230.0
863,25,16,37,2.0,2,2,2.0,2.0,,2.0,22.0,1,1.0,5507.0,740.0
864,25,18,37,2.0,2,2,2.0,2.0,,2.0,22.0,2,1.0,5200.0,20.0
865,25,18,4,,2,2,,,,,2.0,1,,,
866,25,18,1,,2,2,,,,,,1,,,
867,25,10,55,2.0,2,2,2.0,2.0,,2.0,16.0,2,1.0,,4700.0
868,25,16,24,2.0,2,2,2.0,2.0,,2.0,20.0,2,1.0,,3600.0
869,25,12,42,2.0,2,2,2.0,2.0,,2.0,17.0,1,1.0,,6200.0
870,25,14,47,2.0,2,2,2.0,2.0,,2.0,20.0,2,1.0,,5000.0
871,25,14,48,2.0,2,2,2.0,2.0,,2.0,21.0,2,1.0,6203.0,430.0
872,25,10,66,2.0,2,2,1.0,2.0,2.0,1.0,13.0,1,6.0,,
873,25,6,42,2.0,2,2,2.0,2.0,,1.0,15.0,1,1.0,,310.0
874,25,5,40,2.0,2,2,2.0,2.0,,2.0,15.0,2,1.0,,4030.0
875,25,7,14,2.0,2,2,,2.0,,2.0,10.0,1,,,
876,25,6,9,2.0,2,2,,2.0,,2.0,6.0,1,,,
877,25,8,81,2.0,2,2,2.0,1.0,,2.0,8.0,2,6.0,,
878,25,16,61,2.0,2,2,2.0,2.0,,2.0,19.0,1,6.0,,1360.0
879,25,18,57,2.0,2,2,2.0,2.0,,2.0,21.0,2,1.0,5506.0,430.0
880,25,23,17,2.0,2,2,2.0,2.0,,2.0,14.0,1,6.0,,4220.0
881,25,27,18,2.0,2,2,2.0,2.0,,2.0,16.0,2,6.0,,4110.0
882,25,19,35,2.0,2,2,2.0,2.0,,2.0,23.0,1,1.0,5506.0,2100.0
883,25,18,33,2.0,2,2,2.0,2.0,,2.0,22.0,2,1.0,5200.0,3150.0
884,25,27,2,,2,2,,,,,,2,,,
885,25,21,0,,2,2,,,,,,1,,,
886,25,8,51,2.0,2,2,1.0,1.0,,2.0,14.0,1,6.0,,
887,25,21,81,2.0,2,2,2.0,1.0,,2.0,22.0,2,1.0,3301.0,5400.0
888,25,16,76,2.0,1,2,1.0,2.0,,1.0,21.0,1,6.0,5004.0,5240.0
889,25,4,79,1.0,2,2,1.0,1.0,,1.0,16.0,1,6.0,,
890,25,15,57,2.0,2,2,2.0,2.0,,2.0,16.0,2,1.0,,8800.0
891,25,7,52,2.0,2,2,2.0,2.0,,2.0,20.0,2,1.0,,3600.0
892,25,7,50,2.0,2,2,2.0,2.0,,2.0,20.0,1,3.0,,5000.0
893,25,5,59,2.0,2,2,2.0,2.0,,2.0,21.0,1,1.0,6007.0,4700.0
894,25,5,51,2.0,2,2,2.0,2.0,,2.0,24.0,2,1.0,2310.0,230.0
895,25,4,17,2.0,2,2,2.0,2.0,,2.0,14.0,1,6.0,,6050.0
896,25,4,58,2.0,2,2,2.0,2.0,,2.0,22.0,2,1.0,5404.0,420.0
897,25,4,64,2.0,2,2,2.0,2.0,,2.0,22.0,1,1.0,5200.0,137.0
898,25,28,54,2.0,2,2,2.0,2.0,,2.0,20.0,2,3.0,,8250.0
899,25,27,60,2.0,2,2,2.0,2.0,,2.0,21.0,1,1.0,2414.0,4760.0
900,25,13,54,2.0,2,2,2.0,2.0,,2.0,21.0,1,1.0,6206.0,7330.0
901,25,11,53,2.0,2,2,2.0,2.0,,2.0,21.0,2,1.0,6207.0,2720.0
902,25,21,32,2.0,2,2,2.0,2.0,,2.0,22.0,2,1.0,6203.0,2310.0
903,25,27,38,2.0,2,2,2.0,2.0,,2.0,24.0,1,1.0,5007.0,430.0
904,25,15,4,,2,2,,,,,2.0,1,,,
905,25,23,1,,2,2,,,,,,2,,,
906,25,7,70,2.0,2,2,2.0,1.0,1.0,2.0,20.0,1,6.0,,4710.0
907,25,13,19,2.0,2,2,2.0,2.0,,2.0,18.0,2,6.0,,4110.0
908,25,5,21,2.0,2,2,2.0,2.0,,2.0,19.0,2,1.0,,5400.0
909,25,22,68,2.0,2,2,2.0,1.0,,2.0,16.0,2,6.0,,8220.0
910,25,24,72,2.0,2,2,2.0,2.0,2.0,2.0,16.0,1,6.0,,7950.0
911,25,27,22,2.0,2,2,2.0,2.0,,2.0,16.0,1,1.0,,9130.0
912,25,4,42,1.0,2,2,1.0,1.0,,2.0,1.0,1,6.0,,
913,25,12,83,2.0,1,2,2.0,2.0,2.0,2.0,23.0,1,6.0,2300.0,
914,25,11,76,2.0,2,2,2.0,2.0,,2.0,21.0,2,6.0,6107.0,
915,25,15,39,2.0,2,2,2.0,2.0,,2.0,21.0,2,1.0,6107.0,3255.0
916,25,23,63,2.0,2,2,2.0,2.0,1.0,2.0,18.0,1,6.0,,930.0
917,25,19,74,2.0,2,2,2.0,2.0,,2.0,20.0,2,6.0,,
918,25,12,83,2.0,1,2,2.0,2.0,,2.0,16.0,2,6.0,,5700.0
919,25,12,60,2.0,2,2,2.0,2.0,,2.0,16.0,1,6.0,,
920,25,12,58,2.0,2,2,2.0,2.0,2.0,2.0,16.0,1,1.0,,9620.0
921,25,18,84,2.0,2,2,2.0,2.0,,2.0,16.0,2,6.0,,
922,25,18,45,2.0,2,2,2.0,2.0,,2.0,14.0,2,1.0,,4700.0
923,25,23,16,2.0,2,2,2.0,2.0,,2.0,13.0,1,3.0,,9920.0
924,25,19,49,2.0,2,2,2.0,2.0,,2.0,19.0,1,3.0,,4700.0
925,25,23,43,2.0,2,2,2.0,2.0,,2.0,21.0,1,1.0,6200.0,160.0
926,25,25,41,2.0,2,2,2.0,2.0,,2.0,22.0,2,1.0,2300.0,2310.0
927,25,27,11,2.0,2,2,,2.0,,2.0,9.0,1,,,
928,25,26,7,2.0,2,2,,2.0,,2.0,5.0,1,,,
929,25,31,1,,2,2,,,,,,1,,,
930,25,18,78,2.0,2,2,2.0,2.0,2.0,2.0,21.0,1,6.0,2406.0,50.0
931,25,23,79,2.0,2,2,2.0,2.0,,2.0,16.0,2,6.0,,
932,25,17,29,2.0,2,2,2.0,2.0,,2.0,18.0,1,1.0,,2630.0
933,25,10,31,2.0,2,2,2.0,2.0,,2.0,20.0,2,1.0,,2860.0
934,25,7,4,,2,2,,,,,1.0,1,,,
935,25,6,0,,2,2,,,,,,1,,,
936,25,27,49,2.0,2,2,2.0,2.0,2.0,2.0,19.0,1,1.0,,4700.0
937,25,28,48,2.0,2,2,2.0,2.0,,2.0,21.0,2,1.0,6200.0,230.0
938,25,37,18,2.0,2,2,2.0,2.0,,2.0,16.0,1,1.0,,4600.0
939,25,32,11,2.0,2,2,,2.0,,2.0,7.0,1,,,
940,25,73,50,2.0,2,1,2.0,2.0,,2.0,16.0,2,1.0,,850.0
941,25,14,34,2.0,2,2,2.0,2.0,,2.0,22.0,1,1.0,2414.0,1530.0
942,25,16,30,2.0,2,2,2.0,2.0,,2.0,20.0,2,1.0,,3255.0
943,25,20,70,2.0,2,2,2.0,2.0,,2.0,22.0,2,6.0,2306.0,
944,25,27,37,2.0,2,2,2.0,2.0,,2.0,21.0,1,1.0,1301.0,6200.0
945,25,18,47,2.0,2,2,2.0,2.0,,2.0,15.0,2,1.0,,4610.0
946,25,19,55,2.0,2,2,2.0,1.0,2.0,2.0,10.0,1,1.0,,4220.0
947,25,26,26,2.0,2,2,2.0,2.0,,1.0,13.0,1,3.0,,8540.0
948,25,5,42,2.0,2,2,2.0,2.0,,1.0,21.0,1,1.0,3600.0,565.0
949,25,7,41,2.0,2,2,2.0,1.0,,2.0,20.0,2,1.0,,950.0
950,25,6,13,2.0,2,2,,2.0,,2.0,10.0,1,,,
951,25,7,12,2.0,2,2,,2.0,,2.0,10.0,2,,,
952,25,8,11,2.0,2,2,,2.0,,1.0,8.0,2,,,
953,25,9,67,2.0,2,2,2.0,2.0,,2.0,23.0,2,1.0,3301.0,2040.0
954,25,21,55,2.0,2,2,2.0,2.0,,2.0,19.0,1,1.0,,1450.0
955,25,22,48,2.0,2,2,2.0,2.0,,2.0,19.0,2,1.0,,5700.0
956,25,11,37,2.0,2,2,2.0,2.0,,2.0,22.0,1,1.0,3301.0,2330.0
957,25,15,10,2.0,2,2,,2.0,,2.0,8.0,1,,,
958,25,12,7,2.0,2,2,,2.0,,2.0,5.0,2,,,
959,25,12,9,2.0,2,2,,2.0,,2.0,6.0,2,,,
960,25,13,37,2.0,2,2,2.0,2.0,,2.0,21.0,2,1.0,2304.0,2310.0
961,25,42,35,2.0,2,2,2.0,2.0,,2.0,11.0,2,1.0,,4230.0
962,25,11,84,2.0,1,2,2.0,2.0,,2.0,16.0,2,6.0,,
963,25,22,38,2.0,2,2,2.0,2.0,,2.0,16.0,1,1.0,,6355.0
964,25,20,37,2.0,2,2,2.0,2.0,,2.0,17.0,2,1.0,,4520.0
965,25,24,4,,2,2,,,,,2.0,1,,,
966,25,14,82,2.0,2,1,1.0,1.0,2.0,2.0,24.0,1,6.0,5003.0,360.0
967,25,14,83,2.0,2,2,2.0,2.0,,2.0,21.0,2,6.0,5501.0,
968,25,18,58,2.0,2,1,1.0,1.0,,1.0,11.0,2,6.0,,
969,25,4,38,2.0,2,2,2.0,2.0,,2.0,21.0,2,1.0,6107.0,3255.0
970,25,4,39,2.0,2,2,2.0,2.0,,2.0,19.0,1,1.0,,7700.0
971,25,4,4,,2,2,,,,,1.0,1,,,
972,25,4,1,,2,2,,,,,,1,,,
973,25,15,56,2.0,2,2,2.0,2.0,,2.0,22.0,2,1.0,2306.0,2310.0
974,25,20,56,2.0,2,2,2.0,2.0,,2.0,16.0,2,6.0,,2300.0
975,25,13,94,1.0,1,2,1.0,1.0,,1.0,16.0,2,6.0,,
976,25,12,49,2.0,2,2,2.0,2.0,,2.0,20.0,2,1.0,,3255.0
977,25,13,32,2.0,2,2,2.0,2.0,,2.0,16.0,1,1.0,,4610.0
978,25,16,29,2.0,2,2,2.0,2.0,,2.0,19.0,2,2.0,,3600.0
979,25,19,51,2.0,2,2,2.0,2.0,,2.0,21.0,2,3.0,6203.0,136.0
980,25,30,84,2.0,2,1,2.0,2.0,2.0,2.0,19.0,1,6.0,,
981,25,21,79,2.0,2,2,2.0,2.0,,2.0,21.0,2,6.0,6107.0,
982,25,9,19,2.0,2,2,2.0,2.0,,2.0,19.0,2,1.0,,726.0
983,25,14,28,2.0,2,2,2.0,2.0,,2.0,22.0,2,1.0,6207.0,800.0
984,25,15,37,2.0,2,2,2.0,2.0,,2.0,21.0,1,1.0,6203.0,3740.0
985,25,16,37,2.0,2,2,2.0,2.0,,2.0,22.0,2,1.0,6299.0,230.0
986,25,17,8,2.0,2,2,,2.0,,2.0,5.0,1,,,
987,25,18,6,2.0,2,2,,2.0,,2.0,3.0,2,,,
988,25,22,4,,2,2,,,,,1.0,1,,,
989,25,28,47,2.0,2,2,2.0,2.0,,2.0,20.0,2,1.0,,5120.0
990,25,26,44,2.0,2,2,2.0,2.0,,2.0,16.0,1,2.0,,9120.0
991,25,28,14,2.0,2,2,,2.0,,2.0,10.0,2,,,
992,25,41,4,,2,2,,,,,2.0,1,,,
993,25,16,37,2.0,2,2,2.0,2.0,,2.0,22.0,2,1.0,5200.0,3150.0
994,25,20,47,2.0,2,2,2.0,2.0,,2.0,21.0,1,1.0,6207.0,4710.0
995,25,16,3,,2,2,,,,,1.0,2,,,
996,25,13,1,,2,2,,,,,,1,,,
997,25,31,24,2.0,2,2,2.0,2.0,,2.0,21.0,1,1.0,6205.0,540.0
998,25,50,25,2.0,2,2,2.0,2.0,,2.0,21.0,1,1.0,6203.0,5340.0
999,25,17,72,2.0,1,2,2.0,2.0,,2.0,16.0,2,6.0,,4760.0
